new,host,ttl,a,aaaa,cname,soa,status_code,mx,ns
[x],468-2-8.test.sketch.com,60,"54.210.249.96, 34.224.148.91, 3.231.10.114",,"lb-public.non-prod.sketch.com, public-lb.non-prod.sketch.com","{'name': 'non-prod.sketch.com', 'ns': 'ns-1695.awsdns-19.co.uk', 'mailbox': 'awsdns-hostmaster.amazon.com', 'serial': 1, 'refresh': 7200, 'retry': 900, 'expire': 1209600, 'minttl': 86400}, {'name': 'non-prod.sketch.com', 'ns': 'ns-1695.awsdns-19.co.uk', 'mailbox': 'awsdns-hostmaster.amazon.com', 'serial': 1, 'refresh': 7200, 'retry': 900, 'expire': 1209600, 'minttl': 86400}, {'name': 'non-prod.sketch.com', 'ns': 'ns-1695.awsdns-19.co.uk', 'mailbox': 'awsdns-hostmaster.amazon.com', 'serial': 1, 'refresh': 7200, 'retry': 900, 'expire': 1209600, 'minttl': 86400}",NOERROR,,
[x],api.prod.sketch.com,180,"54.85.204.139, 34.200.77.119, 34.226.47.3",,"lb-public.prod.sketch.com, public-lb.prod.sketch.com","{'name': 'prod.sketch.com', 'ns': 'ns-734.awsdns-27.net', 'mailbox': 'awsdns-hostmaster.amazon.com', 'serial': 1, 'refresh': 7200, 'retry': 900, 'expire': 1209600, 'minttl': 86400}, {'name': 'prod.sketch.com', 'ns': 'ns-734.awsdns-27.net', 'mailbox': 'awsdns-hostmaster.amazon.com', 'serial': 1, 'refresh': 7200, 'retry': 900, 'expire': 1209600, 'minttl': 86400}, {'name': 'prod.sketch.com', 'ns': 'ns-734.awsdns-27.net', 'mailbox': 'awsdns-hostmaster.amazon.com', 'serial': 1, 'refresh': 7200, 'retry': 900, 'expire': 1209600, 'minttl': 86400}, {'name': 'prod.sketch.com', 'ns': 'ns-734.awsdns-27.net', 'mailbox': 'awsdns-hostmaster.amazon.com', 'serial': 1, 'refresh': 7200, 'retry': 900, 'expire': 1209600, 'minttl': 86400}",NOERROR,,
[x],api.staging.sketch.com,180,,,"lb-public.non-prod.sketch.com, public-lb.non-prod.sketch.com","{'name': 'non-prod.sketch.com', 'ns': 'ns-1695.awsdns-19.co.uk', 'mailbox': 'awsdns-hostmaster.amazon.com', 'serial': 1, 'refresh': 7200, 'retry': 900, 'expire': 1209600, 'minttl': 86400}, {'name': 'non-prod.sketch.com', 'ns': 'ns-1695.awsdns-19.co.uk', 'mailbox': 'awsdns-hostmaster.amazon.com', 'serial': 1, 'refresh': 7200, 'retry': 900, 'expire': 1209600, 'minttl': 86400}, {'name': 'non-prod.sketch.com', 'ns': 'ns-1695.awsdns-19.co.uk', 'mailbox': 'awsdns-hostmaster.amazon.com', 'serial': 1, 'refresh': 7200, 'retry': 900, 'expire': 1209600, 'minttl': 86400}, {'name': 'non-prod.sketch.com', 'ns': 'ns-1695.awsdns-19.co.uk', 'mailbox': 'awsdns-hostmaster.amazon.com', 'serial': 1, 'refresh': 7200, 'retry': 900, 'expire': 1209600, 'minttl': 86400}",NOERROR,,
[x],awscmh2.prod.sketch.com,60,,,"lb-public.prod.sketch.com, public-lb.prod.sketch.com","{'name': 'prod.sketch.com', 'ns': 'ns-734.awsdns-27.net', 'mailbox': 'awsdns-hostmaster.amazon.com', 'serial': 1, 'refresh': 7200, 'retry': 900, 'expire': 1209600, 'minttl': 86400}, {'name': 'prod.sketch.com', 'ns': 'ns-734.awsdns-27.net', 'mailbox': 'awsdns-hostmaster.amazon.com', 'serial': 1, 'refresh': 7200, 'retry': 900, 'expire': 1209600, 'minttl': 86400}, {'name': 'prod.sketch.com', 'ns': 'ns-734.awsdns-27.net', 'mailbox': 'awsdns-hostmaster.amazon.com', 'serial': 1, 'refresh': 7200, 'retry': 900, 'expire': 1209600, 'minttl': 86400}, {'name': 'prod.sketch.com', 'ns': 'ns-734.awsdns-27.net', 'mailbox': 'awsdns-hostmaster.amazon.com', 'serial': 1, 'refresh': 7200, 'retry': 900, 'expire': 1209600, 'minttl': 86400}",NOERROR,,
[x],beta-download-staging.sketch.com,300,"104.22.37.172, 172.67.13.208, 104.22.36.172","2606:4700:10::6816:24ac, 2606:4700:10::6816:25ac, 2606:4700:10::ac43:dd0",beta-download-staging.sketch.com.cdn.cloudflare.net,"{'name': 'cloudflare.net', 'ns': 'ns1.cloudflare.net', 'mailbox': 'dns.cloudflare.com', 'serial': 2337827547, 'refresh': 10000, 'retry': 2400, 'expire': 604800, 'minttl': 1800}, {'name': 'cloudflare.net', 'ns': 'ns1.cloudflare.net', 'mailbox': 'dns.cloudflare.com', 'serial': 2337827547, 'refresh': 10000, 'retry': 2400, 'expire': 604800, 'minttl': 1800}, {'name': 'cloudflare.net', 'ns': 'ns1.cloudflare.net', 'mailbox': 'dns.cloudflare.com', 'serial': 2337827547, 'refresh': 10000, 'retry': 2400, 'expire': 604800, 'minttl': 1800}, {'name': 'cloudflare.net', 'ns': 'ns1.cloudflare.net', 'mailbox': 'dns.cloudflare.com', 'serial': 2337827547, 'refresh': 10000, 'retry': 2400, 'expire': 604800, 'minttl': 1800}",NOERROR,,
[x],beta-download.sketch.com,300,"104.22.37.172, 172.67.13.208, 104.22.36.172","2606:4700:10::6816:24ac, 2606:4700:10::ac43:dd0, 2606:4700:10::6816:25ac",beta-download.sketch.com.cdn.cloudflare.net,"{'name': 'cloudflare.net', 'ns': 'ns1.cloudflare.net', 'mailbox': 'dns.cloudflare.com', 'serial': 2337827547, 'refresh': 10000, 'retry': 2400, 'expire': 604800, 'minttl': 1800}",NOERROR,,
[x],bid47jn.7692458m.sketch.com,300,158.247.22.225,,,"{'name': 'sketch.com', 'ns': 'ns-550.awsdns-04.net', 'mailbox': 'awsdns-hostmaster.amazon.com', 'serial': 1, 'refresh': 7200, 'retry': 900, 'expire': 1209600, 'minttl': 86400}, {'name': 'sketch.com', 'ns': 'ns-550.awsdns-04.net', 'mailbox': 'awsdns-hostmaster.amazon.com', 'serial': 1, 'refresh': 7200, 'retry': 900, 'expire': 1209600, 'minttl': 86400}, {'name': 'sketch.com', 'ns': 'ns-550.awsdns-04.net', 'mailbox': 'awsdns-hostmaster.amazon.com', 'serial': 1, 'refresh': 7200, 'retry': 900, 'expire': 1209600, 'minttl': 86400}",NOERROR,,
[x],bid48cu.7692458t.sketch.com,300,158.247.26.252,,,"{'name': 'sketch.com', 'ns': 'ns-550.awsdns-04.net', 'mailbox': 'awsdns-hostmaster.amazon.com', 'serial': 1, 'refresh': 7200, 'retry': 900, 'expire': 1209600, 'minttl': 86400}, {'name': 'sketch.com', 'ns': 'ns-550.awsdns-04.net', 'mailbox': 'awsdns-hostmaster.amazon.com', 'serial': 1, 'refresh': 7200, 'retry': 900, 'expire': 1209600, 'minttl': 86400}",NOERROR,,
[x],bitfinex60.staging.sketch.com,60,,,"lb-public.non-prod.sketch.com, public-lb.non-prod.sketch.com","{'name': 'non-prod.sketch.com', 'ns': 'ns-1695.awsdns-19.co.uk', 'mailbox': 'awsdns-hostmaster.amazon.com', 'serial': 1, 'refresh': 7200, 'retry': 900, 'expire': 1209600, 'minttl': 86400}, {'name': 'non-prod.sketch.com', 'ns': 'ns-1695.awsdns-19.co.uk', 'mailbox': 'awsdns-hostmaster.amazon.com', 'serial': 1, 'refresh': 7200, 'retry': 900, 'expire': 1209600, 'minttl': 86400}, {'name': 'non-prod.sketch.com', 'ns': 'ns-1695.awsdns-19.co.uk', 'mailbox': 'awsdns-hostmaster.amazon.com', 'serial': 1, 'refresh': 7200, 'retry': 900, 'expire': 1209600, 'minttl': 86400}, {'name': 'non-prod.sketch.com', 'ns': 'ns-1695.awsdns-19.co.uk', 'mailbox': 'awsdns-hostmaster.amazon.com', 'serial': 1, 'refresh': 7200, 'retry': 900, 'expire': 1209600, 'minttl': 86400}",NOERROR,,
[x],blog.test.sketch.com,180,,,"lb-public.non-prod.sketch.com, public-lb.non-prod.sketch.com","{'name': 'non-prod.sketch.com', 'ns': 'ns-1695.awsdns-19.co.uk', 'mailbox': 'awsdns-hostmaster.amazon.com', 'serial': 1, 'refresh': 7200, 'retry': 900, 'expire': 1209600, 'minttl': 86400}, {'name': 'non-prod.sketch.com', 'ns': 'ns-1695.awsdns-19.co.uk', 'mailbox': 'awsdns-hostmaster.amazon.com', 'serial': 1, 'refresh': 7200, 'retry': 900, 'expire': 1209600, 'minttl': 86400}",NOERROR,,
[x],bounce.sketch.com,300,,,custom-email-domain.stripe.com,"{'name': 'custom-email-domain.stripe.com', 'ns': 'ns-994.awsdns-60.net', 'mailbox': 'awsdns-hostmaster.amazon.com', 'serial': 1, 'refresh': 7200, 'retry': 900, 'expire': 1209600, 'minttl': 86400}, {'name': 'custom-email-domain.stripe.com', 'ns': 'ns-994.awsdns-60.net', 'mailbox': 'awsdns-hostmaster.amazon.com', 'serial': 1, 'refresh': 7200, 'retry': 900, 'expire': 1209600, 'minttl': 86400}",NOERROR,feedback-smtp.us-west-2.amazonses.com,"ns-994.awsdns-60.net, ns-1404.awsdns-47.org, ns-163.awsdns-20.com, ns-2008.awsdns-59.co.uk"
[x],capacitor.prod.sketch.com,60,"34.226.47.3, 34.200.77.119, 54.85.204.139",,"lb-public.prod.sketch.com, public-lb.prod.sketch.com","{'name': 'prod.sketch.com', 'ns': 'ns-734.awsdns-27.net', 'mailbox': 'awsdns-hostmaster.amazon.com', 'serial': 1, 'refresh': 7200, 'retry': 900, 'expire': 1209600, 'minttl': 86400}, {'name': 'prod.sketch.com', 'ns': 'ns-734.awsdns-27.net', 'mailbox': 'awsdns-hostmaster.amazon.com', 'serial': 1, 'refresh': 7200, 'retry': 900, 'expire': 1209600, 'minttl': 86400}, {'name': 'prod.sketch.com', 'ns': 'ns-734.awsdns-27.net', 'mailbox': 'awsdns-hostmaster.amazon.com', 'serial': 1, 'refresh': 7200, 'retry': 900, 'expire': 1209600, 'minttl': 86400}, {'name': 'prod.sketch.com', 'ns': 'ns-734.awsdns-27.net', 'mailbox': 'awsdns-hostmaster.amazon.com', 'serial': 1, 'refresh': 7200, 'retry': 900, 'expire': 1209600, 'minttl': 86400}",NOERROR,,
[x],cdn.dev.sketch.com,32,"3.231.10.114, 54.210.249.96, 34.224.148.91",,"lb-public.non-prod.sketch.com, public-lb.non-prod.sketch.com","{'name': 'non-prod.sketch.com', 'ns': 'ns-1695.awsdns-19.co.uk', 'mailbox': 'awsdns-hostmaster.amazon.com', 'serial': 1, 'refresh': 7200, 'retry': 900, 'expire': 1209600, 'minttl': 86400}, {'name': 'non-prod.sketch.com', 'ns': 'ns-1695.awsdns-19.co.uk', 'mailbox': 'awsdns-hostmaster.amazon.com', 'serial': 1, 'refresh': 7200, 'retry': 900, 'expire': 1209600, 'minttl': 86400}, {'name': 'non-prod.sketch.com', 'ns': 'ns-1695.awsdns-19.co.uk', 'mailbox': 'awsdns-hostmaster.amazon.com', 'serial': 1, 'refresh': 7200, 'retry': 900, 'expire': 1209600, 'minttl': 86400}",NOERROR,,
[x],cdn.sketch.com,45,"172.67.13.208, 104.22.36.172, 104.22.37.172","2606:4700:10::ac43:dd0, 2606:4700:10::6816:25ac, 2606:4700:10::6816:24ac",cdn.sketch.com.cdn.cloudflare.net,"{'name': 'cloudflare.net', 'ns': 'ns1.cloudflare.net', 'mailbox': 'dns.cloudflare.com', 'serial': 2337827547, 'refresh': 10000, 'retry': 2400, 'expire': 604800, 'minttl': 1800}, {'name': 'cloudflare.net', 'ns': 'ns1.cloudflare.net', 'mailbox': 'dns.cloudflare.com', 'serial': 2337827547, 'refresh': 10000, 'retry': 2400, 'expire': 604800, 'minttl': 1800}, {'name': 'cloudflare.net', 'ns': 'ns1.cloudflare.net', 'mailbox': 'dns.cloudflare.com', 'serial': 2337827547, 'refresh': 10000, 'retry': 2400, 'expire': 604800, 'minttl': 1800}, {'name': 'cloudflare.net', 'ns': 'ns1.cloudflare.net', 'mailbox': 'dns.cloudflare.com', 'serial': 2337827547, 'refresh': 10000, 'retry': 2400, 'expire': 604800, 'minttl': 1800}, {'name': 'cloudflare.net', 'ns': 'ns1.cloudflare.net', 'mailbox': 'dns.cloudflare.com', 'serial': 2337827547, 'refresh': 10000, 'retry': 2400, 'expire': 604800, 'minttl': 1800}",NOERROR,,"ns-1381.awsdns-44.org, ns-1981.awsdns-55.co.uk, ns-550.awsdns-04.net, ns-95.awsdns-11.com"
[x],chef.non-prod.sketch.com,900,,,,"{'name': 'non-prod.sketch.com', 'ns': 'ns-1695.awsdns-19.co.uk', 'mailbox': 'awsdns-hostmaster.amazon.com', 'serial': 1, 'refresh': 7200, 'retry': 900, 'expire': 1209600, 'minttl': 86400}, {'name': 'non-prod.sketch.com', 'ns': 'ns-1695.awsdns-19.co.uk', 'mailbox': 'awsdns-hostmaster.amazon.com', 'serial': 1, 'refresh': 7200, 'retry': 900, 'expire': 1209600, 'minttl': 86400}, {'name': 'non-prod.sketch.com', 'ns': 'ns-1695.awsdns-19.co.uk', 'mailbox': 'awsdns-hostmaster.amazon.com', 'serial': 1, 'refresh': 7200, 'retry': 900, 'expire': 1209600, 'minttl': 86400}, {'name': 'non-prod.sketch.com', 'ns': 'ns-1695.awsdns-19.co.uk', 'mailbox': 'awsdns-hostmaster.amazon.com', 'serial': 1, 'refresh': 7200, 'retry': 900, 'expire': 1209600, 'minttl': 86400}, {'name': 'non-prod.sketch.com', 'ns': 'ns-1695.awsdns-19.co.uk', 'mailbox': 'awsdns-hostmaster.amazon.com', 'serial': 1, 'refresh': 7200, 'retry': 900, 'expire': 1209600, 'minttl': 86400}",NOERROR,,
[x],chef.prod.sketch.com,60,,,"lb-public.prod.sketch.com, public-lb.prod.sketch.com","{'name': 'prod.sketch.com', 'ns': 'ns-734.awsdns-27.net', 'mailbox': 'awsdns-hostmaster.amazon.com', 'serial': 1, 'refresh': 7200, 'retry': 900, 'expire': 1209600, 'minttl': 86400}, {'name': 'prod.sketch.com', 'ns': 'ns-734.awsdns-27.net', 'mailbox': 'awsdns-hostmaster.amazon.com', 'serial': 1, 'refresh': 7200, 'retry': 900, 'expire': 1209600, 'minttl': 86400}, {'name': 'prod.sketch.com', 'ns': 'ns-734.awsdns-27.net', 'mailbox': 'awsdns-hostmaster.amazon.com', 'serial': 1, 'refresh': 7200, 'retry': 900, 'expire': 1209600, 'minttl': 86400}",NOERROR,,
[x],chef.sketch.com,60,,,chef.non-prod.sketch.com,"{'name': 'non-prod.sketch.com', 'ns': 'ns-1695.awsdns-19.co.uk', 'mailbox': 'awsdns-hostmaster.amazon.com', 'serial': 1, 'refresh': 7200, 'retry': 900, 'expire': 1209600, 'minttl': 86400}",NOERROR,,
[x],cloud-dev.sketch.com,300,,,d3o9akag3terqt.cloudfront.net,"{'name': 'cloudfront.net', 'ns': 'ns-418.awsdns-52.com', 'mailbox': 'hostmaster.cloudfront.net', 'serial': 1377556270, 'refresh': 16384, 'retry': 2048, 'expire': 1048576, 'minttl': 60}, {'name': 'cloudfront.net', 'ns': 'ns-418.awsdns-52.com', 'mailbox': 'hostmaster.cloudfront.net', 'serial': 1377556270, 'refresh': 16384, 'retry': 2048, 'expire': 1048576, 'minttl': 60}, {'name': 'cloudfront.net', 'ns': 'ns-418.awsdns-52.com', 'mailbox': 'hostmaster.cloudfront.net', 'serial': 1377556270, 'refresh': 16384, 'retry': 2048, 'expire': 1048576, 'minttl': 60}",NOERROR,,
[x],cloud-staging.sketch.com,300,,,d3o9akag3terqt.cloudfront.net,"{'name': 'cloudfront.net', 'ns': 'ns-418.awsdns-52.com', 'mailbox': 'hostmaster.cloudfront.net', 'serial': 1377556270, 'refresh': 16384, 'retry': 2048, 'expire': 1048576, 'minttl': 60}, {'name': 'cloudfront.net', 'ns': 'ns-418.awsdns-52.com', 'mailbox': 'hostmaster.cloudfront.net', 'serial': 1377556270, 'refresh': 16384, 'retry': 2048, 'expire': 1048576, 'minttl': 60}",NOERROR,,
[x],dev.sketch.com,900,,,,"{'name': 'dev.sketch.com', 'ns': 'ns-1390.awsdns-45.org', 'mailbox': 'awsdns-hostmaster.amazon.com', 'serial': 1, 'refresh': 7200, 'retry': 900, 'expire': 1209600, 'minttl': 86400}, {'name': 'dev.sketch.com', 'ns': 'ns-1390.awsdns-45.org', 'mailbox': 'awsdns-hostmaster.amazon.com', 'serial': 1, 'refresh': 7200, 'retry': 900, 'expire': 1209600, 'minttl': 86400}, {'name': 'dev.sketch.com', 'ns': 'ns-1390.awsdns-45.org', 'mailbox': 'awsdns-hostmaster.amazon.com', 'serial': 1, 'refresh': 7200, 'retry': 900, 'expire': 1209600, 'minttl': 86400}",NOERROR,,
[x],developer.sketch.com,300,"18.192.231.252, 35.156.224.161",,developer-sketch.netlify.com,"{'name': 'netlify.com', 'ns': 'dns1.p04.nsone.net', 'mailbox': 'hostmaster.nsone.net', 'serial': 1664458603, 'refresh': 43200, 'retry': 7200, 'expire': 1209600, 'minttl': 300}, {'name': 'netlify.com', 'ns': 'dns1.p04.nsone.net', 'mailbox': 'hostmaster.nsone.net', 'serial': 1664458603, 'refresh': 43200, 'retry': 7200, 'expire': 1209600, 'minttl': 300}, {'name': 'netlify.com', 'ns': 'dns1.p04.nsone.net', 'mailbox': 'hostmaster.nsone.net', 'serial': 1664458603, 'refresh': 43200, 'retry': 7200, 'expire': 1209600, 'minttl': 300}",NOERROR,,
[x],download-staging.sketch.com,300,"104.22.36.172, 104.22.37.172, 172.67.13.208","2606:4700:10::6816:25ac, 2606:4700:10::6816:24ac, 2606:4700:10::ac43:dd0",download-staging.sketch.com.cdn.cloudflare.net,"{'name': 'cloudflare.net', 'ns': 'ns1.cloudflare.net', 'mailbox': 'dns.cloudflare.com', 'serial': 2337827547, 'refresh': 10000, 'retry': 2400, 'expire': 604800, 'minttl': 1800}, {'name': 'cloudflare.net', 'ns': 'ns1.cloudflare.net', 'mailbox': 'dns.cloudflare.com', 'serial': 2337827547, 'refresh': 10000, 'retry': 2400, 'expire': 604800, 'minttl': 1800}, {'name': 'cloudflare.net', 'ns': 'ns1.cloudflare.net', 'mailbox': 'dns.cloudflare.com', 'serial': 2337827547, 'refresh': 10000, 'retry': 2400, 'expire': 604800, 'minttl': 1800}, {'name': 'cloudflare.net', 'ns': 'ns1.cloudflare.net', 'mailbox': 'dns.cloudflare.com', 'serial': 2337827547, 'refresh': 10000, 'retry': 2400, 'expire': 604800, 'minttl': 1800}, {'name': 'cloudflare.net', 'ns': 'ns1.cloudflare.net', 'mailbox': 'dns.cloudflare.com', 'serial': 2337827547, 'refresh': 10000, 'retry': 2400, 'expire': 604800, 'minttl': 1800}",NOERROR,,
[x],download.sketch.com,300,,"2606:4700:10::6816:25ac, 2606:4700:10::ac43:dd0, 2606:4700:10::6816:24ac",download.sketch.com.cdn.cloudflare.net,"{'name': 'cloudflare.net', 'ns': 'ns1.cloudflare.net', 'mailbox': 'dns.cloudflare.com', 'serial': 2337827547, 'refresh': 10000, 'retry': 2400, 'expire': 604800, 'minttl': 1800}, {'name': 'cloudflare.net', 'ns': 'ns1.cloudflare.net', 'mailbox': 'dns.cloudflare.com', 'serial': 2337827547, 'refresh': 10000, 'retry': 2400, 'expire': 604800, 'minttl': 1800}",NOERROR,,
[x],erpsipublisher.test.sketch.com,60,"3.231.10.114, 34.224.148.91, 54.210.249.96",,"lb-public.non-prod.sketch.com, public-lb.non-prod.sketch.com","{'name': 'non-prod.sketch.com', 'ns': 'ns-1695.awsdns-19.co.uk', 'mailbox': 'awsdns-hostmaster.amazon.com', 'serial': 1, 'refresh': 7200, 'retry': 900, 'expire': 1209600, 'minttl': 86400}, {'name': 'non-prod.sketch.com', 'ns': 'ns-1695.awsdns-19.co.uk', 'mailbox': 'awsdns-hostmaster.amazon.com', 'serial': 1, 'refresh': 7200, 'retry': 900, 'expire': 1209600, 'minttl': 86400}, {'name': 'non-prod.sketch.com', 'ns': 'ns-1695.awsdns-19.co.uk', 'mailbox': 'awsdns-hostmaster.amazon.com', 'serial': 1, 'refresh': 7200, 'retry': 900, 'expire': 1209600, 'minttl': 86400}, {'name': 'non-prod.sketch.com', 'ns': 'ns-1695.awsdns-19.co.uk', 'mailbox': 'awsdns-hostmaster.amazon.com', 'serial': 1, 'refresh': 7200, 'retry': 900, 'expire': 1209600, 'minttl': 86400}, {'name': 'non-prod.sketch.com', 'ns': 'ns-1695.awsdns-19.co.uk', 'mailbox': 'awsdns-hostmaster.amazon.com', 'serial': 1, 'refresh': 7200, 'retry': 900, 'expire': 1209600, 'minttl': 86400}",NOERROR,,
[x],evbyminsd7a3f.staging.sketch.com,60,,,"lb-public.non-prod.sketch.com, public-lb.non-prod.sketch.com","{'name': 'non-prod.sketch.com', 'ns': 'ns-1695.awsdns-19.co.uk', 'mailbox': 'awsdns-hostmaster.amazon.com', 'serial': 1, 'refresh': 7200, 'retry': 900, 'expire': 1209600, 'minttl': 86400}, {'name': 'non-prod.sketch.com', 'ns': 'ns-1695.awsdns-19.co.uk', 'mailbox': 'awsdns-hostmaster.amazon.com', 'serial': 1, 'refresh': 7200, 'retry': 900, 'expire': 1209600, 'minttl': 86400}, {'name': 'non-prod.sketch.com', 'ns': 'ns-1695.awsdns-19.co.uk', 'mailbox': 'awsdns-hostmaster.amazon.com', 'serial': 1, 'refresh': 7200, 'retry': 900, 'expire': 1209600, 'minttl': 86400}",NOERROR,,
[x],experimental-download-staging.sketch.com,300,"104.22.37.172, 104.22.36.172, 172.67.13.208","2606:4700:10::6816:25ac, 2606:4700:10::ac43:dd0, 2606:4700:10::6816:24ac",experimental-download-staging.sketch.com.cdn.cloudflare.net,"{'name': 'cloudflare.net', 'ns': 'ns1.cloudflare.net', 'mailbox': 'dns.cloudflare.com', 'serial': 2337827547, 'refresh': 10000, 'retry': 2400, 'expire': 604800, 'minttl': 1800}",NOERROR,,
[x],experimental-download.sketch.com,300,"104.22.36.172, 104.22.37.172, 172.67.13.208",,experimental-download.sketch.com.cdn.cloudflare.net,"{'name': 'cloudflare.net', 'ns': 'ns1.cloudflare.net', 'mailbox': 'dns.cloudflare.com', 'serial': 2337827547, 'refresh': 10000, 'retry': 2400, 'expire': 604800, 'minttl': 1800}, {'name': 'cloudflare.net', 'ns': 'ns1.cloudflare.net', 'mailbox': 'dns.cloudflare.com', 'serial': 2337827547, 'refresh': 10000, 'retry': 2400, 'expire': 604800, 'minttl': 1800}, {'name': 'cloudflare.net', 'ns': 'ns1.cloudflare.net', 'mailbox': 'dns.cloudflare.com', 'serial': 2337827547, 'refresh': 10000, 'retry': 2400, 'expire': 604800, 'minttl': 1800}, {'name': 'cloudflare.net', 'ns': 'ns1.cloudflare.net', 'mailbox': 'dns.cloudflare.com', 'serial': 2337827547, 'refresh': 10000, 'retry': 2400, 'expire': 604800, 'minttl': 1800}, {'name': 'cloudflare.net', 'ns': 'ns1.cloudflare.net', 'mailbox': 'dns.cloudflare.com', 'serial': 2337827547, 'refresh': 10000, 'retry': 2400, 'expire': 604800, 'minttl': 1800}",NOERROR,,
[x],export.sketch.com,57,"18.245.60.78, 18.245.60.58, 18.245.60.101, 18.245.60.49",,,"{'name': 'sketch.com', 'ns': 'ns-550.awsdns-04.net', 'mailbox': 'awsdns-hostmaster.amazon.com', 'serial': 1, 'refresh': 7200, 'retry': 900, 'expire': 1209600, 'minttl': 86400}, {'name': 'sketch.com', 'ns': 'ns-550.awsdns-04.net', 'mailbox': 'awsdns-hostmaster.amazon.com', 'serial': 1, 'refresh': 7200, 'retry': 900, 'expire': 1209600, 'minttl': 86400}, {'name': 'sketch.com', 'ns': 'ns-550.awsdns-04.net', 'mailbox': 'awsdns-hostmaster.amazon.com', 'serial': 1, 'refresh': 7200, 'retry': 900, 'expire': 1209600, 'minttl': 86400}, {'name': 'sketch.com', 'ns': 'ns-550.awsdns-04.net', 'mailbox': 'awsdns-hostmaster.amazon.com', 'serial': 1, 'refresh': 7200, 'retry': 900, 'expire': 1209600, 'minttl': 86400}, {'name': 'sketch.com', 'ns': 'ns-550.awsdns-04.net', 'mailbox': 'awsdns-hostmaster.amazon.com', 'serial': 1, 'refresh': 7200, 'retry': 900, 'expire': 1209600, 'minttl': 86400}, {'name': 'sketch.com', 'ns': 'ns-550.awsdns-04.net', 'mailbox': 'awsdns-hostmaster.amazon.com', 'serial': 1, 'refresh': 7200, 'retry': 900, 'expire': 1209600, 'minttl': 86400}",NOERROR,,
[x],fcd.test.sketch.com,50,"3.231.10.114, 34.224.148.91, 54.210.249.96",,"lb-public.non-prod.sketch.com, public-lb.non-prod.sketch.com","{'name': 'non-prod.sketch.com', 'ns': 'ns-1695.awsdns-19.co.uk', 'mailbox': 'awsdns-hostmaster.amazon.com', 'serial': 1, 'refresh': 7200, 'retry': 900, 'expire': 1209600, 'minttl': 86400}, {'name': 'non-prod.sketch.com', 'ns': 'ns-1695.awsdns-19.co.uk', 'mailbox': 'awsdns-hostmaster.amazon.com', 'serial': 1, 'refresh': 7200, 'retry': 900, 'expire': 1209600, 'minttl': 86400}",NOERROR,,
[x],feature-preview-download-staging.sketch.com,5,,,feature-preview-download-staging.sketch.com.cdn.cloudflare.net,"{'name': 'cloudflare.net', 'ns': 'ns1.cloudflare.net', 'mailbox': 'dns.cloudflare.com', 'serial': 2337827547, 'refresh': 10000, 'retry': 2400, 'expire': 604800, 'minttl': 1800}, {'name': 'cloudflare.net', 'ns': 'ns1.cloudflare.net', 'mailbox': 'dns.cloudflare.com', 'serial': 2337827547, 'refresh': 10000, 'retry': 2400, 'expire': 604800, 'minttl': 1800}, {'name': 'cloudflare.net', 'ns': 'ns1.cloudflare.net', 'mailbox': 'dns.cloudflare.com', 'serial': 2337827547, 'refresh': 10000, 'retry': 2400, 'expire': 604800, 'minttl': 1800}",NOERROR,,
[x],feature-preview-download.sketch.com,300,,"2606:4700:10::6816:24ac, 2606:4700:10::6816:25ac, 2606:4700:10::ac43:dd0",feature-preview-download.sketch.com.cdn.cloudflare.net,"{'name': 'cloudflare.net', 'ns': 'ns1.cloudflare.net', 'mailbox': 'dns.cloudflare.com', 'serial': 2337827547, 'refresh': 10000, 'retry': 2400, 'expire': 604800, 'minttl': 1800}, {'name': 'cloudflare.net', 'ns': 'ns1.cloudflare.net', 'mailbox': 'dns.cloudflare.com', 'serial': 2337827547, 'refresh': 10000, 'retry': 2400, 'expire': 604800, 'minttl': 1800}, {'name': 'cloudflare.net', 'ns': 'ns1.cloudflare.net', 'mailbox': 'dns.cloudflare.com', 'serial': 2337827547, 'refresh': 10000, 'retry': 2400, 'expire': 604800, 'minttl': 1800}",NOERROR,,
[x],folgis.staging.sketch.com,60,,,"lb-public.non-prod.sketch.com, public-lb.non-prod.sketch.com","{'name': 'non-prod.sketch.com', 'ns': 'ns-1695.awsdns-19.co.uk', 'mailbox': 'awsdns-hostmaster.amazon.com', 'serial': 1, 'refresh': 7200, 'retry': 900, 'expire': 1209600, 'minttl': 86400}, {'name': 'non-prod.sketch.com', 'ns': 'ns-1695.awsdns-19.co.uk', 'mailbox': 'awsdns-hostmaster.amazon.com', 'serial': 1, 'refresh': 7200, 'retry': 900, 'expire': 1209600, 'minttl': 86400}, {'name': 'non-prod.sketch.com', 'ns': 'ns-1695.awsdns-19.co.uk', 'mailbox': 'awsdns-hostmaster.amazon.com', 'serial': 1, 'refresh': 7200, 'retry': 900, 'expire': 1209600, 'minttl': 86400}",NOERROR,,
[x],foresee.prod.sketch.com,60,,,"lb-public.prod.sketch.com, public-lb.prod.sketch.com","{'name': 'prod.sketch.com', 'ns': 'ns-734.awsdns-27.net', 'mailbox': 'awsdns-hostmaster.amazon.com', 'serial': 1, 'refresh': 7200, 'retry': 900, 'expire': 1209600, 'minttl': 86400}, {'name': 'prod.sketch.com', 'ns': 'ns-734.awsdns-27.net', 'mailbox': 'awsdns-hostmaster.amazon.com', 'serial': 1, 'refresh': 7200, 'retry': 900, 'expire': 1209600, 'minttl': 86400}, {'name': 'prod.sketch.com', 'ns': 'ns-734.awsdns-27.net', 'mailbox': 'awsdns-hostmaster.amazon.com', 'serial': 1, 'refresh': 7200, 'retry': 900, 'expire': 1209600, 'minttl': 86400}, {'name': 'prod.sketch.com', 'ns': 'ns-734.awsdns-27.net', 'mailbox': 'awsdns-hostmaster.amazon.com', 'serial': 1, 'refresh': 7200, 'retry': 900, 'expire': 1209600, 'minttl': 86400}, {'name': 'prod.sketch.com', 'ns': 'ns-734.awsdns-27.net', 'mailbox': 'awsdns-hostmaster.amazon.com', 'serial': 1, 'refresh': 7200, 'retry': 900, 'expire': 1209600, 'minttl': 86400}",NOERROR,,
[x],forum.sketch.com,300,184.104.178.47,2602:fd3f:1:ff01::2f,sketch.hosted-by-discourse.com,"{'name': 'hosted-by-discourse.com', 'ns': 'ns-104.awsdns-13.com', 'mailbox': 'awsdns-hostmaster.amazon.com', 'serial': 1, 'refresh': 7200, 'retry': 900, 'expire': 1209600, 'minttl': 60}",NOERROR,mx-corp1.discoursemail.com,"ns-104.awsdns-13.com, ns-1250.awsdns-28.org, ns-2026.awsdns-61.co.uk, ns-717.awsdns-25.net"
[x],gcqisservices.staging.sketch.com,60,"34.224.148.91, 54.210.249.96, 3.231.10.114",,"lb-public.non-prod.sketch.com, public-lb.non-prod.sketch.com","{'name': 'non-prod.sketch.com', 'ns': 'ns-1695.awsdns-19.co.uk', 'mailbox': 'awsdns-hostmaster.amazon.com', 'serial': 1, 'refresh': 7200, 'retry': 900, 'expire': 1209600, 'minttl': 86400}, {'name': 'non-prod.sketch.com', 'ns': 'ns-1695.awsdns-19.co.uk', 'mailbox': 'awsdns-hostmaster.amazon.com', 'serial': 1, 'refresh': 7200, 'retry': 900, 'expire': 1209600, 'minttl': 86400}, {'name': 'non-prod.sketch.com', 'ns': 'ns-1695.awsdns-19.co.uk', 'mailbox': 'awsdns-hostmaster.amazon.com', 'serial': 1, 'refresh': 7200, 'retry': 900, 'expire': 1209600, 'minttl': 86400}",NOERROR,,
[x],go.sketch.com,300,,"2a05:d014:275:cb02::c8, 2a05:d014:58f:6200::64",sketchapp.netlify.app,"{'name': 'netlify.app', 'ns': 'dns1.p01.nsone.net', 'mailbox': 'hostmaster.nsone.net', 'serial': 1664979656, 'refresh': 43200, 'retry': 7200, 'expire': 1209600, 'minttl': 300}, {'name': 'netlify.app', 'ns': 'dns1.p01.nsone.net', 'mailbox': 'hostmaster.nsone.net', 'serial': 1664979656, 'refresh': 43200, 'retry': 7200, 'expire': 1209600, 'minttl': 300}, {'name': 'netlify.app', 'ns': 'dns1.p01.nsone.net', 'mailbox': 'hostmaster.nsone.net', 'serial': 1664979656, 'refresh': 43200, 'retry': 7200, 'expire': 1209600, 'minttl': 300}",NOERROR,,
[x],gradingtest.dev.sketch.com,60,,,"lb-public.non-prod.sketch.com, public-lb.non-prod.sketch.com","{'name': 'non-prod.sketch.com', 'ns': 'ns-1695.awsdns-19.co.uk', 'mailbox': 'awsdns-hostmaster.amazon.com', 'serial': 1, 'refresh': 7200, 'retry': 900, 'expire': 1209600, 'minttl': 86400}, {'name': 'non-prod.sketch.com', 'ns': 'ns-1695.awsdns-19.co.uk', 'mailbox': 'awsdns-hostmaster.amazon.com', 'serial': 1, 'refresh': 7200, 'retry': 900, 'expire': 1209600, 'minttl': 86400}, {'name': 'non-prod.sketch.com', 'ns': 'ns-1695.awsdns-19.co.uk', 'mailbox': 'awsdns-hostmaster.amazon.com', 'serial': 1, 'refresh': 7200, 'retry': 900, 'expire': 1209600, 'minttl': 86400}, {'name': 'non-prod.sketch.com', 'ns': 'ns-1695.awsdns-19.co.uk', 'mailbox': 'awsdns-hostmaster.amazon.com', 'serial': 1, 'refresh': 7200, 'retry': 900, 'expire': 1209600, 'minttl': 86400}, {'name': 'non-prod.sketch.com', 'ns': 'ns-1695.awsdns-19.co.uk', 'mailbox': 'awsdns-hostmaster.amazon.com', 'serial': 1, 'refresh': 7200, 'retry': 900, 'expire': 1209600, 'minttl': 86400}",NOERROR,,
[x],grafana.staging.sketch.com,180,"34.224.148.91, 54.210.249.96, 3.231.10.114",,"lb-public.non-prod.sketch.com, public-lb.non-prod.sketch.com","{'name': 'non-prod.sketch.com', 'ns': 'ns-1695.awsdns-19.co.uk', 'mailbox': 'awsdns-hostmaster.amazon.com', 'serial': 1, 'refresh': 7200, 'retry': 900, 'expire': 1209600, 'minttl': 86400}, {'name': 'non-prod.sketch.com', 'ns': 'ns-1695.awsdns-19.co.uk', 'mailbox': 'awsdns-hostmaster.amazon.com', 'serial': 1, 'refresh': 7200, 'retry': 900, 'expire': 1209600, 'minttl': 86400}, {'name': 'non-prod.sketch.com', 'ns': 'ns-1695.awsdns-19.co.uk', 'mailbox': 'awsdns-hostmaster.amazon.com', 'serial': 1, 'refresh': 7200, 'retry': 900, 'expire': 1209600, 'minttl': 86400}, {'name': 'non-prod.sketch.com', 'ns': 'ns-1695.awsdns-19.co.uk', 'mailbox': 'awsdns-hostmaster.amazon.com', 'serial': 1, 'refresh': 7200, 'retry': 900, 'expire': 1209600, 'minttl': 86400}, {'name': 'non-prod.sketch.com', 'ns': 'ns-1695.awsdns-19.co.uk', 'mailbox': 'awsdns-hostmaster.amazon.com', 'serial': 1, 'refresh': 7200, 'retry': 900, 'expire': 1209600, 'minttl': 86400}",NOERROR,,
[x],help.sketch.com,30,,,public-lb.prod.sketch.com,"{'name': 'prod.sketch.com', 'ns': 'ns-734.awsdns-27.net', 'mailbox': 'awsdns-hostmaster.amazon.com', 'serial': 1, 'refresh': 7200, 'retry': 900, 'expire': 1209600, 'minttl': 86400}, {'name': 'prod.sketch.com', 'ns': 'ns-734.awsdns-27.net', 'mailbox': 'awsdns-hostmaster.amazon.com', 'serial': 1, 'refresh': 7200, 'retry': 900, 'expire': 1209600, 'minttl': 86400}, {'name': 'prod.sketch.com', 'ns': 'ns-734.awsdns-27.net', 'mailbox': 'awsdns-hostmaster.amazon.com', 'serial': 1, 'refresh': 7200, 'retry': 900, 'expire': 1209600, 'minttl': 86400}, {'name': 'prod.sketch.com', 'ns': 'ns-734.awsdns-27.net', 'mailbox': 'awsdns-hostmaster.amazon.com', 'serial': 1, 'refresh': 7200, 'retry': 900, 'expire': 1209600, 'minttl': 86400}, {'name': 'prod.sketch.com', 'ns': 'ns-734.awsdns-27.net', 'mailbox': 'awsdns-hostmaster.amazon.com', 'serial': 1, 'refresh': 7200, 'retry': 900, 'expire': 1209600, 'minttl': 86400}",NOERROR,,
[x],http-m-wattpad-com-9.test.sketch.com,60,"3.231.10.114, 54.210.249.96, 34.224.148.91",,"lb-public.non-prod.sketch.com, public-lb.non-prod.sketch.com","{'name': 'non-prod.sketch.com', 'ns': 'ns-1695.awsdns-19.co.uk', 'mailbox': 'awsdns-hostmaster.amazon.com', 'serial': 1, 'refresh': 7200, 'retry': 900, 'expire': 1209600, 'minttl': 86400}, {'name': 'non-prod.sketch.com', 'ns': 'ns-1695.awsdns-19.co.uk', 'mailbox': 'awsdns-hostmaster.amazon.com', 'serial': 1, 'refresh': 7200, 'retry': 900, 'expire': 1209600, 'minttl': 86400}",NOERROR,,
[x],https-en-m-wikipedia-org-8-1.staging.sketch.com,60,,,"lb-public.non-prod.sketch.com, public-lb.non-prod.sketch.com","{'name': 'non-prod.sketch.com', 'ns': 'ns-1695.awsdns-19.co.uk', 'mailbox': 'awsdns-hostmaster.amazon.com', 'serial': 1, 'refresh': 7200, 'retry': 900, 'expire': 1209600, 'minttl': 86400}, {'name': 'non-prod.sketch.com', 'ns': 'ns-1695.awsdns-19.co.uk', 'mailbox': 'awsdns-hostmaster.amazon.com', 'serial': 1, 'refresh': 7200, 'retry': 900, 'expire': 1209600, 'minttl': 86400}",NOERROR,,
[x],internal-download.sketch.com,300,"172.67.13.208, 104.22.36.172, 104.22.37.172",,internal-download.sketch.com.cdn.cloudflare.net,"{'name': 'cloudflare.net', 'ns': 'ns1.cloudflare.net', 'mailbox': 'dns.cloudflare.com', 'serial': 2337827547, 'refresh': 10000, 'retry': 2400, 'expire': 604800, 'minttl': 1800}, {'name': 'cloudflare.net', 'ns': 'ns1.cloudflare.net', 'mailbox': 'dns.cloudflare.com', 'serial': 2337827547, 'refresh': 10000, 'retry': 2400, 'expire': 604800, 'minttl': 1800}, {'name': 'cloudflare.net', 'ns': 'ns1.cloudflare.net', 'mailbox': 'dns.cloudflare.com', 'serial': 2337827547, 'refresh': 10000, 'retry': 2400, 'expire': 604800, 'minttl': 1800}",NOERROR,,
[x],iwad-ns1.prod.sketch.com,60,"34.226.47.3, 54.85.204.139, 34.200.77.119",,"lb-public.prod.sketch.com, public-lb.prod.sketch.com","{'name': 'prod.sketch.com', 'ns': 'ns-734.awsdns-27.net', 'mailbox': 'awsdns-hostmaster.amazon.com', 'serial': 1, 'refresh': 7200, 'retry': 900, 'expire': 1209600, 'minttl': 86400}, {'name': 'prod.sketch.com', 'ns': 'ns-734.awsdns-27.net', 'mailbox': 'awsdns-hostmaster.amazon.com', 'serial': 1, 'refresh': 7200, 'retry': 900, 'expire': 1209600, 'minttl': 86400}, {'name': 'prod.sketch.com', 'ns': 'ns-734.awsdns-27.net', 'mailbox': 'awsdns-hostmaster.amazon.com', 'serial': 1, 'refresh': 7200, 'retry': 900, 'expire': 1209600, 'minttl': 86400}, {'name': 'prod.sketch.com', 'ns': 'ns-734.awsdns-27.net', 'mailbox': 'awsdns-hostmaster.amazon.com', 'serial': 1, 'refresh': 7200, 'retry': 900, 'expire': 1209600, 'minttl': 86400}",NOERROR,,
[x],jax.staging.sketch.com,60,"34.224.148.91, 54.210.249.96, 3.231.10.114",,"lb-public.non-prod.sketch.com, public-lb.non-prod.sketch.com","{'name': 'non-prod.sketch.com', 'ns': 'ns-1695.awsdns-19.co.uk', 'mailbox': 'awsdns-hostmaster.amazon.com', 'serial': 1, 'refresh': 7200, 'retry': 900, 'expire': 1209600, 'minttl': 86400}, {'name': 'non-prod.sketch.com', 'ns': 'ns-1695.awsdns-19.co.uk', 'mailbox': 'awsdns-hostmaster.amazon.com', 'serial': 1, 'refresh': 7200, 'retry': 900, 'expire': 1209600, 'minttl': 86400}, {'name': 'non-prod.sketch.com', 'ns': 'ns-1695.awsdns-19.co.uk', 'mailbox': 'awsdns-hostmaster.amazon.com', 'serial': 1, 'refresh': 7200, 'retry': 900, 'expire': 1209600, 'minttl': 86400}",NOERROR,,
[x],lb-public.non-prod.sketch.com,60,"34.224.148.91, 54.210.249.96, 3.231.10.114",,public-lb.non-prod.sketch.com,"{'name': 'non-prod.sketch.com', 'ns': 'ns-1695.awsdns-19.co.uk', 'mailbox': 'awsdns-hostmaster.amazon.com', 'serial': 1, 'refresh': 7200, 'retry': 900, 'expire': 1209600, 'minttl': 86400}, {'name': 'non-prod.sketch.com', 'ns': 'ns-1695.awsdns-19.co.uk', 'mailbox': 'awsdns-hostmaster.amazon.com', 'serial': 1, 'refresh': 7200, 'retry': 900, 'expire': 1209600, 'minttl': 86400}, {'name': 'non-prod.sketch.com', 'ns': 'ns-1695.awsdns-19.co.uk', 'mailbox': 'awsdns-hostmaster.amazon.com', 'serial': 1, 'refresh': 7200, 'retry': 900, 'expire': 1209600, 'minttl': 86400}, {'name': 'non-prod.sketch.com', 'ns': 'ns-1695.awsdns-19.co.uk', 'mailbox': 'awsdns-hostmaster.amazon.com', 'serial': 1, 'refresh': 7200, 'retry': 900, 'expire': 1209600, 'minttl': 86400}",NOERROR,,
[x],lb-public.prod.sketch.com,180,"34.200.77.119, 34.226.47.3, 54.85.204.139",,public-lb.prod.sketch.com,"{'name': 'prod.sketch.com', 'ns': 'ns-734.awsdns-27.net', 'mailbox': 'awsdns-hostmaster.amazon.com', 'serial': 1, 'refresh': 7200, 'retry': 900, 'expire': 1209600, 'minttl': 86400}, {'name': 'prod.sketch.com', 'ns': 'ns-734.awsdns-27.net', 'mailbox': 'awsdns-hostmaster.amazon.com', 'serial': 1, 'refresh': 7200, 'retry': 900, 'expire': 1209600, 'minttl': 86400}, {'name': 'prod.sketch.com', 'ns': 'ns-734.awsdns-27.net', 'mailbox': 'awsdns-hostmaster.amazon.com', 'serial': 1, 'refresh': 7200, 'retry': 900, 'expire': 1209600, 'minttl': 86400}",NOERROR,,
[x],live.prod.sketch.com,60,,,"lb-public.prod.sketch.com, public-lb.prod.sketch.com","{'name': 'prod.sketch.com', 'ns': 'ns-734.awsdns-27.net', 'mailbox': 'awsdns-hostmaster.amazon.com', 'serial': 1, 'refresh': 7200, 'retry': 900, 'expire': 1209600, 'minttl': 86400}, {'name': 'prod.sketch.com', 'ns': 'ns-734.awsdns-27.net', 'mailbox': 'awsdns-hostmaster.amazon.com', 'serial': 1, 'refresh': 7200, 'retry': 900, 'expire': 1209600, 'minttl': 86400}, {'name': 'prod.sketch.com', 'ns': 'ns-734.awsdns-27.net', 'mailbox': 'awsdns-hostmaster.amazon.com', 'serial': 1, 'refresh': 7200, 'retry': 900, 'expire': 1209600, 'minttl': 86400}, {'name': 'prod.sketch.com', 'ns': 'ns-734.awsdns-27.net', 'mailbox': 'awsdns-hostmaster.amazon.com', 'serial': 1, 'refresh': 7200, 'retry': 900, 'expire': 1209600, 'minttl': 86400}",NOERROR,,
[x],market.test.sketch.com,60,"34.224.148.91, 54.210.249.96, 3.231.10.114",,"lb-public.non-prod.sketch.com, public-lb.non-prod.sketch.com","{'name': 'non-prod.sketch.com', 'ns': 'ns-1695.awsdns-19.co.uk', 'mailbox': 'awsdns-hostmaster.amazon.com', 'serial': 1, 'refresh': 7200, 'retry': 900, 'expire': 1209600, 'minttl': 86400}, {'name': 'non-prod.sketch.com', 'ns': 'ns-1695.awsdns-19.co.uk', 'mailbox': 'awsdns-hostmaster.amazon.com', 'serial': 1, 'refresh': 7200, 'retry': 900, 'expire': 1209600, 'minttl': 86400}, {'name': 'non-prod.sketch.com', 'ns': 'ns-1695.awsdns-19.co.uk', 'mailbox': 'awsdns-hostmaster.amazon.com', 'serial': 1, 'refresh': 7200, 'retry': 900, 'expire': 1209600, 'minttl': 86400}",NOERROR,,
[x],most.staging.sketch.com,60,,,"lb-public.non-prod.sketch.com, public-lb.non-prod.sketch.com","{'name': 'non-prod.sketch.com', 'ns': 'ns-1695.awsdns-19.co.uk', 'mailbox': 'awsdns-hostmaster.amazon.com', 'serial': 1, 'refresh': 7200, 'retry': 900, 'expire': 1209600, 'minttl': 86400}, {'name': 'non-prod.sketch.com', 'ns': 'ns-1695.awsdns-19.co.uk', 'mailbox': 'awsdns-hostmaster.amazon.com', 'serial': 1, 'refresh': 7200, 'retry': 900, 'expire': 1209600, 'minttl': 86400}, {'name': 'non-prod.sketch.com', 'ns': 'ns-1695.awsdns-19.co.uk', 'mailbox': 'awsdns-hostmaster.amazon.com', 'serial': 1, 'refresh': 7200, 'retry': 900, 'expire': 1209600, 'minttl': 86400}",NOERROR,,
[x],my.prod.sketch.com,60,"34.226.47.3, 34.200.77.119, 54.85.204.139",,"lb-public.prod.sketch.com, public-lb.prod.sketch.com","{'name': 'prod.sketch.com', 'ns': 'ns-734.awsdns-27.net', 'mailbox': 'awsdns-hostmaster.amazon.com', 'serial': 1, 'refresh': 7200, 'retry': 900, 'expire': 1209600, 'minttl': 86400}, {'name': 'prod.sketch.com', 'ns': 'ns-734.awsdns-27.net', 'mailbox': 'awsdns-hostmaster.amazon.com', 'serial': 1, 'refresh': 7200, 'retry': 900, 'expire': 1209600, 'minttl': 86400}, {'name': 'prod.sketch.com', 'ns': 'ns-734.awsdns-27.net', 'mailbox': 'awsdns-hostmaster.amazon.com', 'serial': 1, 'refresh': 7200, 'retry': 900, 'expire': 1209600, 'minttl': 86400}",NOERROR,,
[x],non-prod.sketch.com,900,,,,"{'name': 'non-prod.sketch.com', 'ns': 'ns-1695.awsdns-19.co.uk', 'mailbox': 'awsdns-hostmaster.amazon.com', 'serial': 1, 'refresh': 7200, 'retry': 900, 'expire': 1209600, 'minttl': 86400}, {'name': 'non-prod.sketch.com', 'ns': 'ns-1695.awsdns-19.co.uk', 'mailbox': 'awsdns-hostmaster.amazon.com', 'serial': 1, 'refresh': 7200, 'retry': 900, 'expire': 1209600, 'minttl': 86400}",NOERROR,,
[x],o1.ptr2227.sketch.com,175,167.89.52.12,,,"{'name': 'sketch.com', 'ns': 'ns-550.awsdns-04.net', 'mailbox': 'awsdns-hostmaster.amazon.com', 'serial': 1, 'refresh': 7200, 'retry': 900, 'expire': 1209600, 'minttl': 86400}, {'name': 'sketch.com', 'ns': 'ns-550.awsdns-04.net', 'mailbox': 'awsdns-hostmaster.amazon.com', 'serial': 1, 'refresh': 7200, 'retry': 900, 'expire': 1209600, 'minttl': 86400}, {'name': 'sketch.com', 'ns': 'ns-550.awsdns-04.net', 'mailbox': 'awsdns-hostmaster.amazon.com', 'serial': 1, 'refresh': 7200, 'retry': 900, 'expire': 1209600, 'minttl': 86400}, {'name': 'sketch.com', 'ns': 'ns-550.awsdns-04.net', 'mailbox': 'awsdns-hostmaster.amazon.com', 'serial': 1, 'refresh': 7200, 'retry': 900, 'expire': 1209600, 'minttl': 86400}, {'name': 'sketch.com', 'ns': 'ns-550.awsdns-04.net', 'mailbox': 'awsdns-hostmaster.amazon.com', 'serial': 1, 'refresh': 7200, 'retry': 900, 'expire': 1209600, 'minttl': 86400}",NOERROR,,
[x],o1.sketch.com,284,167.89.52.12,,,"{'name': 'sketch.com', 'ns': 'ns-550.awsdns-04.net', 'mailbox': 'awsdns-hostmaster.amazon.com', 'serial': 1, 'refresh': 7200, 'retry': 900, 'expire': 1209600, 'minttl': 86400}, {'name': 'sketch.com', 'ns': 'ns-550.awsdns-04.net', 'mailbox': 'awsdns-hostmaster.amazon.com', 'serial': 1, 'refresh': 7200, 'retry': 900, 'expire': 1209600, 'minttl': 86400}, {'name': 'sketch.com', 'ns': 'ns-550.awsdns-04.net', 'mailbox': 'awsdns-hostmaster.amazon.com', 'serial': 1, 'refresh': 7200, 'retry': 900, 'expire': 1209600, 'minttl': 86400}, {'name': 'sketch.com', 'ns': 'ns-550.awsdns-04.net', 'mailbox': 'awsdns-hostmaster.amazon.com', 'serial': 1, 'refresh': 7200, 'retry': 900, 'expire': 1209600, 'minttl': 86400}",NOERROR,,
[x],oauth.prod.sketch.com,60,,,"lb-public.prod.sketch.com, public-lb.prod.sketch.com","{'name': 'prod.sketch.com', 'ns': 'ns-734.awsdns-27.net', 'mailbox': 'awsdns-hostmaster.amazon.com', 'serial': 1, 'refresh': 7200, 'retry': 900, 'expire': 1209600, 'minttl': 86400}, {'name': 'prod.sketch.com', 'ns': 'ns-734.awsdns-27.net', 'mailbox': 'awsdns-hostmaster.amazon.com', 'serial': 1, 'refresh': 7200, 'retry': 900, 'expire': 1209600, 'minttl': 86400}, {'name': 'prod.sketch.com', 'ns': 'ns-734.awsdns-27.net', 'mailbox': 'awsdns-hostmaster.amazon.com', 'serial': 1, 'refresh': 7200, 'retry': 900, 'expire': 1209600, 'minttl': 86400}",NOERROR,,
[x],oembed.staging.sketch.com,60,,,"lb-public.non-prod.sketch.com, public-lb.non-prod.sketch.com","{'name': 'non-prod.sketch.com', 'ns': 'ns-1695.awsdns-19.co.uk', 'mailbox': 'awsdns-hostmaster.amazon.com', 'serial': 1, 'refresh': 7200, 'retry': 900, 'expire': 1209600, 'minttl': 86400}, {'name': 'non-prod.sketch.com', 'ns': 'ns-1695.awsdns-19.co.uk', 'mailbox': 'awsdns-hostmaster.amazon.com', 'serial': 1, 'refresh': 7200, 'retry': 900, 'expire': 1209600, 'minttl': 86400}, {'name': 'non-prod.sketch.com', 'ns': 'ns-1695.awsdns-19.co.uk', 'mailbox': 'awsdns-hostmaster.amazon.com', 'serial': 1, 'refresh': 7200, 'retry': 900, 'expire': 1209600, 'minttl': 86400}, {'name': 'non-prod.sketch.com', 'ns': 'ns-1695.awsdns-19.co.uk', 'mailbox': 'awsdns-hostmaster.amazon.com', 'serial': 1, 'refresh': 7200, 'retry': 900, 'expire': 1209600, 'minttl': 86400}",NOERROR,,
[x],pasurol.prod.sketch.com,60,,,"lb-public.prod.sketch.com, public-lb.prod.sketch.com","{'name': 'prod.sketch.com', 'ns': 'ns-734.awsdns-27.net', 'mailbox': 'awsdns-hostmaster.amazon.com', 'serial': 1, 'refresh': 7200, 'retry': 900, 'expire': 1209600, 'minttl': 86400}, {'name': 'prod.sketch.com', 'ns': 'ns-734.awsdns-27.net', 'mailbox': 'awsdns-hostmaster.amazon.com', 'serial': 1, 'refresh': 7200, 'retry': 900, 'expire': 1209600, 'minttl': 86400}, {'name': 'prod.sketch.com', 'ns': 'ns-734.awsdns-27.net', 'mailbox': 'awsdns-hostmaster.amazon.com', 'serial': 1, 'refresh': 7200, 'retry': 900, 'expire': 1209600, 'minttl': 86400}",NOERROR,,
[x],payments.dev.sketch.com,60,"34.224.148.91, 54.210.249.96, 3.231.10.114",,"lb-public.non-prod.sketch.com, public-lb.non-prod.sketch.com","{'name': 'non-prod.sketch.com', 'ns': 'ns-1695.awsdns-19.co.uk', 'mailbox': 'awsdns-hostmaster.amazon.com', 'serial': 1, 'refresh': 7200, 'retry': 900, 'expire': 1209600, 'minttl': 86400}, {'name': 'non-prod.sketch.com', 'ns': 'ns-1695.awsdns-19.co.uk', 'mailbox': 'awsdns-hostmaster.amazon.com', 'serial': 1, 'refresh': 7200, 'retry': 900, 'expire': 1209600, 'minttl': 86400}, {'name': 'non-prod.sketch.com', 'ns': 'ns-1695.awsdns-19.co.uk', 'mailbox': 'awsdns-hostmaster.amazon.com', 'serial': 1, 'refresh': 7200, 'retry': 900, 'expire': 1209600, 'minttl': 86400}, {'name': 'non-prod.sketch.com', 'ns': 'ns-1695.awsdns-19.co.uk', 'mailbox': 'awsdns-hostmaster.amazon.com', 'serial': 1, 'refresh': 7200, 'retry': 900, 'expire': 1209600, 'minttl': 86400}",NOERROR,,"ns-1121.awsdns-12.org, ns-1695.awsdns-19.co.uk, ns-491.awsdns-61.com, ns-638.awsdns-15.net"
[x],payments.staging.sketch.com,60,"34.224.148.91, 54.210.249.96, 3.231.10.114",,"lb-public.non-prod.sketch.com, public-lb.non-prod.sketch.com","{'name': 'non-prod.sketch.com', 'ns': 'ns-1695.awsdns-19.co.uk', 'mailbox': 'awsdns-hostmaster.amazon.com', 'serial': 1, 'refresh': 7200, 'retry': 900, 'expire': 1209600, 'minttl': 86400}, {'name': 'non-prod.sketch.com', 'ns': 'ns-1695.awsdns-19.co.uk', 'mailbox': 'awsdns-hostmaster.amazon.com', 'serial': 1, 'refresh': 7200, 'retry': 900, 'expire': 1209600, 'minttl': 86400}",NOERROR,,
[x],plausible.dev.sketch.com,60,"99.86.4.78, 99.86.4.46, 99.86.4.107, 99.86.4.63",,,"{'name': 'dev.sketch.com', 'ns': 'ns-1390.awsdns-45.org', 'mailbox': 'awsdns-hostmaster.amazon.com', 'serial': 1, 'refresh': 7200, 'retry': 900, 'expire': 1209600, 'minttl': 86400}, {'name': 'dev.sketch.com', 'ns': 'ns-1390.awsdns-45.org', 'mailbox': 'awsdns-hostmaster.amazon.com', 'serial': 1, 'refresh': 7200, 'retry': 900, 'expire': 1209600, 'minttl': 86400}, {'name': 'dev.sketch.com', 'ns': 'ns-1390.awsdns-45.org', 'mailbox': 'awsdns-hostmaster.amazon.com', 'serial': 1, 'refresh': 7200, 'retry': 900, 'expire': 1209600, 'minttl': 86400}, {'name': 'dev.sketch.com', 'ns': 'ns-1390.awsdns-45.org', 'mailbox': 'awsdns-hostmaster.amazon.com', 'serial': 1, 'refresh': 7200, 'retry': 900, 'expire': 1209600, 'minttl': 86400}",NOERROR,,
[x],plausible.prod.sketch.com,180,"18.239.36.70, 18.239.36.92, 18.239.36.72, 18.239.36.80",,,"{'name': 'prod.sketch.com', 'ns': 'ns-734.awsdns-27.net', 'mailbox': 'awsdns-hostmaster.amazon.com', 'serial': 1, 'refresh': 7200, 'retry': 900, 'expire': 1209600, 'minttl': 86400}, {'name': 'prod.sketch.com', 'ns': 'ns-734.awsdns-27.net', 'mailbox': 'awsdns-hostmaster.amazon.com', 'serial': 1, 'refresh': 7200, 'retry': 900, 'expire': 1209600, 'minttl': 86400}, {'name': 'prod.sketch.com', 'ns': 'ns-734.awsdns-27.net', 'mailbox': 'awsdns-hostmaster.amazon.com', 'serial': 1, 'refresh': 7200, 'retry': 900, 'expire': 1209600, 'minttl': 86400}, {'name': 'prod.sketch.com', 'ns': 'ns-734.awsdns-27.net', 'mailbox': 'awsdns-hostmaster.amazon.com', 'serial': 1, 'refresh': 7200, 'retry': 900, 'expire': 1209600, 'minttl': 86400}",NOERROR,,
[x],plausible.staging.sketch.com,900,,,,"{'name': 'staging.sketch.com', 'ns': 'ns-281.awsdns-35.com', 'mailbox': 'awsdns-hostmaster.amazon.com', 'serial': 1, 'refresh': 7200, 'retry': 900, 'expire': 1209600, 'minttl': 86400}, {'name': 'staging.sketch.com', 'ns': 'ns-281.awsdns-35.com', 'mailbox': 'awsdns-hostmaster.amazon.com', 'serial': 1, 'refresh': 7200, 'retry': 900, 'expire': 1209600, 'minttl': 86400}, {'name': 'staging.sketch.com', 'ns': 'ns-281.awsdns-35.com', 'mailbox': 'awsdns-hostmaster.amazon.com', 'serial': 1, 'refresh': 7200, 'retry': 900, 'expire': 1209600, 'minttl': 86400}, {'name': 'staging.sketch.com', 'ns': 'ns-281.awsdns-35.com', 'mailbox': 'awsdns-hostmaster.amazon.com', 'serial': 1, 'refresh': 7200, 'retry': 900, 'expire': 1209600, 'minttl': 86400}, {'name': 'staging.sketch.com', 'ns': 'ns-281.awsdns-35.com', 'mailbox': 'awsdns-hostmaster.amazon.com', 'serial': 1, 'refresh': 7200, 'retry': 900, 'expire': 1209600, 'minttl': 86400}",NOERROR,,
[x],plausible.test.sketch.com,60,,,,"{'name': 'test.sketch.com', 'ns': 'ns-389.awsdns-48.com', 'mailbox': 'awsdns-hostmaster.amazon.com', 'serial': 1, 'refresh': 7200, 'retry': 900, 'expire': 1209600, 'minttl': 86400}, {'name': 'test.sketch.com', 'ns': 'ns-389.awsdns-48.com', 'mailbox': 'awsdns-hostmaster.amazon.com', 'serial': 1, 'refresh': 7200, 'retry': 900, 'expire': 1209600, 'minttl': 86400}, {'name': 'test.sketch.com', 'ns': 'ns-389.awsdns-48.com', 'mailbox': 'awsdns-hostmaster.amazon.com', 'serial': 1, 'refresh': 7200, 'retry': 900, 'expire': 1209600, 'minttl': 86400}",NOERROR,,
[x],prego-cache.dev.sketch.com,60,,,dn7nejp9xe3hw.cloudfront.net,"{'name': 'dn7nejp9xe3hw.cloudfront.net', 'ns': 'ns-596.awsdns-10.net', 'mailbox': 'awsdns-hostmaster.amazon.com', 'serial': 1, 'refresh': 7200, 'retry': 900, 'expire': 1209600, 'minttl': 86400}, {'name': 'dn7nejp9xe3hw.cloudfront.net', 'ns': 'ns-596.awsdns-10.net', 'mailbox': 'awsdns-hostmaster.amazon.com', 'serial': 1, 'refresh': 7200, 'retry': 900, 'expire': 1209600, 'minttl': 86400}, {'name': 'dn7nejp9xe3hw.cloudfront.net', 'ns': 'ns-596.awsdns-10.net', 'mailbox': 'awsdns-hostmaster.amazon.com', 'serial': 1, 'refresh': 7200, 'retry': 900, 'expire': 1209600, 'minttl': 86400}",NOERROR,,"ns-1202.awsdns-22.org, ns-174.awsdns-21.com, ns-1927.awsdns-48.co.uk, ns-596.awsdns-10.net"
[x],prego-cache.prod.sketch.com,60,"18.244.18.79, 18.244.18.84, 18.244.18.97, 18.244.18.23","2600:9000:2038:3000:16:ee17:81c0:93a1, 2600:9000:2038:b800:16:ee17:81c0:93a1, 2600:9000:2038:1a00:16:ee17:81c0:93a1, 2600:9000:2038:f000:16:ee17:81c0:93a1, 2600:9000:2038:5800:16:ee17:81c0:93a1, 2600:9000:2038:4000:16:ee17:81c0:93a1, 2600:9000:2038:f600:16:ee17:81c0:93a1, 2600:9000:2038:da00:16:ee17:81c0:93a1",diibjcrnclmo7.cloudfront.net,"{'name': 'diibjcrnclmo7.cloudfront.net', 'ns': 'ns-774.awsdns-32.net', 'mailbox': 'awsdns-hostmaster.amazon.com', 'serial': 1, 'refresh': 7200, 'retry': 900, 'expire': 1209600, 'minttl': 86400}, {'name': 'diibjcrnclmo7.cloudfront.net', 'ns': 'ns-774.awsdns-32.net', 'mailbox': 'awsdns-hostmaster.amazon.com', 'serial': 1, 'refresh': 7200, 'retry': 900, 'expire': 1209600, 'minttl': 86400}",NOERROR,,"ns-774.awsdns-32.net, ns-1069.awsdns-05.org, ns-1828.awsdns-36.co.uk, ns-30.awsdns-03.com"
[x],presence-new.prod.sketch.com,60,,,"lb-public.prod.sketch.com, public-lb.prod.sketch.com","{'name': 'prod.sketch.com', 'ns': 'ns-734.awsdns-27.net', 'mailbox': 'awsdns-hostmaster.amazon.com', 'serial': 1, 'refresh': 7200, 'retry': 900, 'expire': 1209600, 'minttl': 86400}, {'name': 'prod.sketch.com', 'ns': 'ns-734.awsdns-27.net', 'mailbox': 'awsdns-hostmaster.amazon.com', 'serial': 1, 'refresh': 7200, 'retry': 900, 'expire': 1209600, 'minttl': 86400}, {'name': 'prod.sketch.com', 'ns': 'ns-734.awsdns-27.net', 'mailbox': 'awsdns-hostmaster.amazon.com', 'serial': 1, 'refresh': 7200, 'retry': 900, 'expire': 1209600, 'minttl': 86400}, {'name': 'prod.sketch.com', 'ns': 'ns-734.awsdns-27.net', 'mailbox': 'awsdns-hostmaster.amazon.com', 'serial': 1, 'refresh': 7200, 'retry': 900, 'expire': 1209600, 'minttl': 86400}, {'name': 'prod.sketch.com', 'ns': 'ns-734.awsdns-27.net', 'mailbox': 'awsdns-hostmaster.amazon.com', 'serial': 1, 'refresh': 7200, 'retry': 900, 'expire': 1209600, 'minttl': 86400}",NOERROR,,
[x],presence.prod.sketch.com,60,"34.200.77.119, 34.226.47.3, 54.85.204.139",,"lb-public.prod.sketch.com, public-lb.prod.sketch.com","{'name': 'prod.sketch.com', 'ns': 'ns-734.awsdns-27.net', 'mailbox': 'awsdns-hostmaster.amazon.com', 'serial': 1, 'refresh': 7200, 'retry': 900, 'expire': 1209600, 'minttl': 86400}, {'name': 'prod.sketch.com', 'ns': 'ns-734.awsdns-27.net', 'mailbox': 'awsdns-hostmaster.amazon.com', 'serial': 1, 'refresh': 7200, 'retry': 900, 'expire': 1209600, 'minttl': 86400}, {'name': 'prod.sketch.com', 'ns': 'ns-734.awsdns-27.net', 'mailbox': 'awsdns-hostmaster.amazon.com', 'serial': 1, 'refresh': 7200, 'retry': 900, 'expire': 1209600, 'minttl': 86400}",NOERROR,,
[x],private-download-staging.sketch.com,300,"172.67.13.208, 104.22.36.172, 104.22.37.172",,private-download-staging.sketch.com.cdn.cloudflare.net,"{'name': 'cloudflare.net', 'ns': 'ns1.cloudflare.net', 'mailbox': 'dns.cloudflare.com', 'serial': 2337827547, 'refresh': 10000, 'retry': 2400, 'expire': 604800, 'minttl': 1800}, {'name': 'cloudflare.net', 'ns': 'ns1.cloudflare.net', 'mailbox': 'dns.cloudflare.com', 'serial': 2337827547, 'refresh': 10000, 'retry': 2400, 'expire': 604800, 'minttl': 1800}, {'name': 'cloudflare.net', 'ns': 'ns1.cloudflare.net', 'mailbox': 'dns.cloudflare.com', 'serial': 2337827547, 'refresh': 10000, 'retry': 2400, 'expire': 604800, 'minttl': 1800}",NOERROR,,
[x],private-download.sketch.com,300,"104.22.36.172, 104.22.37.172, 172.67.13.208",,private-download.sketch.com.cdn.cloudflare.net,"{'name': 'cloudflare.net', 'ns': 'ns1.cloudflare.net', 'mailbox': 'dns.cloudflare.com', 'serial': 2337827547, 'refresh': 10000, 'retry': 2400, 'expire': 604800, 'minttl': 1800}, {'name': 'cloudflare.net', 'ns': 'ns1.cloudflare.net', 'mailbox': 'dns.cloudflare.com', 'serial': 2337827547, 'refresh': 10000, 'retry': 2400, 'expire': 604800, 'minttl': 1800}, {'name': 'cloudflare.net', 'ns': 'ns1.cloudflare.net', 'mailbox': 'dns.cloudflare.com', 'serial': 2337827547, 'refresh': 10000, 'retry': 2400, 'expire': 604800, 'minttl': 1800}, {'name': 'cloudflare.net', 'ns': 'ns1.cloudflare.net', 'mailbox': 'dns.cloudflare.com', 'serial': 2337827547, 'refresh': 10000, 'retry': 2400, 'expire': 604800, 'minttl': 1800}, {'name': 'cloudflare.net', 'ns': 'ns1.cloudflare.net', 'mailbox': 'dns.cloudflare.com', 'serial': 2337827547, 'refresh': 10000, 'retry': 2400, 'expire': 604800, 'minttl': 1800}",NOERROR,,
[x],prod.sketch.com,900,,,,"{'name': 'prod.sketch.com', 'ns': 'ns-734.awsdns-27.net', 'mailbox': 'awsdns-hostmaster.amazon.com', 'serial': 1, 'refresh': 7200, 'retry': 900, 'expire': 1209600, 'minttl': 86400}, {'name': 'prod.sketch.com', 'ns': 'ns-734.awsdns-27.net', 'mailbox': 'awsdns-hostmaster.amazon.com', 'serial': 1, 'refresh': 7200, 'retry': 900, 'expire': 1209600, 'minttl': 86400}, {'name': 'prod.sketch.com', 'ns': 'ns-734.awsdns-27.net', 'mailbox': 'awsdns-hostmaster.amazon.com', 'serial': 1, 'refresh': 7200, 'retry': 900, 'expire': 1209600, 'minttl': 86400}, {'name': 'prod.sketch.com', 'ns': 'ns-734.awsdns-27.net', 'mailbox': 'awsdns-hostmaster.amazon.com', 'serial': 1, 'refresh': 7200, 'retry': 900, 'expire': 1209600, 'minttl': 86400}, {'name': 'prod.sketch.com', 'ns': 'ns-734.awsdns-27.net', 'mailbox': 'awsdns-hostmaster.amazon.com', 'serial': 1, 'refresh': 7200, 'retry': 900, 'expire': 1209600, 'minttl': 86400}",NOERROR,,"ns-171.awsdns-21.com, ns-734.awsdns-27.net, ns-1636.awsdns-12.co.uk, ns-1286.awsdns-32.org"
[x],prometheus.staging.sketch.com,47,,,"lb-public.non-prod.sketch.com, public-lb.non-prod.sketch.com","{'name': 'non-prod.sketch.com', 'ns': 'ns-1695.awsdns-19.co.uk', 'mailbox': 'awsdns-hostmaster.amazon.com', 'serial': 1, 'refresh': 7200, 'retry': 900, 'expire': 1209600, 'minttl': 86400}, {'name': 'non-prod.sketch.com', 'ns': 'ns-1695.awsdns-19.co.uk', 'mailbox': 'awsdns-hostmaster.amazon.com', 'serial': 1, 'refresh': 7200, 'retry': 900, 'expire': 1209600, 'minttl': 86400}, {'name': 'non-prod.sketch.com', 'ns': 'ns-1695.awsdns-19.co.uk', 'mailbox': 'awsdns-hostmaster.amazon.com', 'serial': 1, 'refresh': 7200, 'retry': 900, 'expire': 1209600, 'minttl': 86400}, {'name': 'non-prod.sketch.com', 'ns': 'ns-1695.awsdns-19.co.uk', 'mailbox': 'awsdns-hostmaster.amazon.com', 'serial': 1, 'refresh': 7200, 'retry': 900, 'expire': 1209600, 'minttl': 86400}",NOERROR,,
[x],public-lb.non-prod.sketch.com,60,"34.224.148.91, 3.231.10.114, 54.210.249.96",,,"{'name': 'non-prod.sketch.com', 'ns': 'ns-1695.awsdns-19.co.uk', 'mailbox': 'awsdns-hostmaster.amazon.com', 'serial': 1, 'refresh': 7200, 'retry': 900, 'expire': 1209600, 'minttl': 86400}, {'name': 'non-prod.sketch.com', 'ns': 'ns-1695.awsdns-19.co.uk', 'mailbox': 'awsdns-hostmaster.amazon.com', 'serial': 1, 'refresh': 7200, 'retry': 900, 'expire': 1209600, 'minttl': 86400}, {'name': 'non-prod.sketch.com', 'ns': 'ns-1695.awsdns-19.co.uk', 'mailbox': 'awsdns-hostmaster.amazon.com', 'serial': 1, 'refresh': 7200, 'retry': 900, 'expire': 1209600, 'minttl': 86400}, {'name': 'non-prod.sketch.com', 'ns': 'ns-1695.awsdns-19.co.uk', 'mailbox': 'awsdns-hostmaster.amazon.com', 'serial': 1, 'refresh': 7200, 'retry': 900, 'expire': 1209600, 'minttl': 86400}",NOERROR,,
[x],public-lb.prod.sketch.com,60,"34.226.47.3, 54.85.204.139, 34.200.77.119",,,"{'name': 'prod.sketch.com', 'ns': 'ns-734.awsdns-27.net', 'mailbox': 'awsdns-hostmaster.amazon.com', 'serial': 1, 'refresh': 7200, 'retry': 900, 'expire': 1209600, 'minttl': 86400}, {'name': 'prod.sketch.com', 'ns': 'ns-734.awsdns-27.net', 'mailbox': 'awsdns-hostmaster.amazon.com', 'serial': 1, 'refresh': 7200, 'retry': 900, 'expire': 1209600, 'minttl': 86400}, {'name': 'prod.sketch.com', 'ns': 'ns-734.awsdns-27.net', 'mailbox': 'awsdns-hostmaster.amazon.com', 'serial': 1, 'refresh': 7200, 'retry': 900, 'expire': 1209600, 'minttl': 86400}, {'name': 'prod.sketch.com', 'ns': 'ns-734.awsdns-27.net', 'mailbox': 'awsdns-hostmaster.amazon.com', 'serial': 1, 'refresh': 7200, 'retry': 900, 'expire': 1209600, 'minttl': 86400}, {'name': 'prod.sketch.com', 'ns': 'ns-734.awsdns-27.net', 'mailbox': 'awsdns-hostmaster.amazon.com', 'serial': 1, 'refresh': 7200, 'retry': 900, 'expire': 1209600, 'minttl': 86400}, {'name': 'prod.sketch.com', 'ns': 'ns-734.awsdns-27.net', 'mailbox': 'awsdns-hostmaster.amazon.com', 'serial': 1, 'refresh': 7200, 'retry': 900, 'expire': 1209600, 'minttl': 86400}, {'name': 'prod.sketch.com', 'ns': 'ns-734.awsdns-27.net', 'mailbox': 'awsdns-hostmaster.amazon.com', 'serial': 1, 'refresh': 7200, 'retry': 900, 'expire': 1209600, 'minttl': 86400}",NOERROR,,
[x],resources-cache.prod.sketch.com,60,"34.226.47.3, 54.85.204.139, 34.200.77.119",,"lb-public.prod.sketch.com, public-lb.prod.sketch.com","{'name': 'prod.sketch.com', 'ns': 'ns-734.awsdns-27.net', 'mailbox': 'awsdns-hostmaster.amazon.com', 'serial': 1, 'refresh': 7200, 'retry': 900, 'expire': 1209600, 'minttl': 86400}, {'name': 'prod.sketch.com', 'ns': 'ns-734.awsdns-27.net', 'mailbox': 'awsdns-hostmaster.amazon.com', 'serial': 1, 'refresh': 7200, 'retry': 900, 'expire': 1209600, 'minttl': 86400}",NOERROR,,
[x],sa004-zjrbplwcqcnk5irj.dev.sketch.com,60,"34.224.148.91, 54.210.249.96, 3.231.10.114",,"lb-public.non-prod.sketch.com, public-lb.non-prod.sketch.com","{'name': 'non-prod.sketch.com', 'ns': 'ns-1695.awsdns-19.co.uk', 'mailbox': 'awsdns-hostmaster.amazon.com', 'serial': 1, 'refresh': 7200, 'retry': 900, 'expire': 1209600, 'minttl': 86400}, {'name': 'non-prod.sketch.com', 'ns': 'ns-1695.awsdns-19.co.uk', 'mailbox': 'awsdns-hostmaster.amazon.com', 'serial': 1, 'refresh': 7200, 'retry': 900, 'expire': 1209600, 'minttl': 86400}, {'name': 'non-prod.sketch.com', 'ns': 'ns-1695.awsdns-19.co.uk', 'mailbox': 'awsdns-hostmaster.amazon.com', 'serial': 1, 'refresh': 7200, 'retry': 900, 'expire': 1209600, 'minttl': 86400}, {'name': 'non-prod.sketch.com', 'ns': 'ns-1695.awsdns-19.co.uk', 'mailbox': 'awsdns-hostmaster.amazon.com', 'serial': 1, 'refresh': 7200, 'retry': 900, 'expire': 1209600, 'minttl': 86400}",NOERROR,,
[x],shopify.staging.sketch.com,60,"54.210.249.96, 34.224.148.91, 3.231.10.114",,"lb-public.non-prod.sketch.com, public-lb.non-prod.sketch.com","{'name': 'non-prod.sketch.com', 'ns': 'ns-1695.awsdns-19.co.uk', 'mailbox': 'awsdns-hostmaster.amazon.com', 'serial': 1, 'refresh': 7200, 'retry': 900, 'expire': 1209600, 'minttl': 86400}, {'name': 'non-prod.sketch.com', 'ns': 'ns-1695.awsdns-19.co.uk', 'mailbox': 'awsdns-hostmaster.amazon.com', 'serial': 1, 'refresh': 7200, 'retry': 900, 'expire': 1209600, 'minttl': 86400}, {'name': 'non-prod.sketch.com', 'ns': 'ns-1695.awsdns-19.co.uk', 'mailbox': 'awsdns-hostmaster.amazon.com', 'serial': 1, 'refresh': 7200, 'retry': 900, 'expire': 1209600, 'minttl': 86400}",NOERROR,,
[x],sketch.com,60,"18.244.28.81, 18.244.28.45, 18.244.28.8, 18.244.28.125",,,"{'name': 'sketch.com', 'ns': 'ns-550.awsdns-04.net', 'mailbox': 'awsdns-hostmaster.amazon.com', 'serial': 1, 'refresh': 7200, 'retry': 900, 'expire': 1209600, 'minttl': 86400}, {'name': 'sketch.com', 'ns': 'ns-550.awsdns-04.net', 'mailbox': 'awsdns-hostmaster.amazon.com', 'serial': 1, 'refresh': 7200, 'retry': 900, 'expire': 1209600, 'minttl': 86400}, {'name': 'sketch.com', 'ns': 'ns-550.awsdns-04.net', 'mailbox': 'awsdns-hostmaster.amazon.com', 'serial': 1, 'refresh': 7200, 'retry': 900, 'expire': 1209600, 'minttl': 86400}",NOERROR,,"ns-1381.awsdns-44.org, ns-1981.awsdns-55.co.uk, ns-550.awsdns-04.net, ns-95.awsdns-11.com"
[x],sso.sketch.com,300,,,"sso.prod.sketch.com, lb-public.prod.sketch.com, public-lb.prod.sketch.com","{'name': 'prod.sketch.com', 'ns': 'ns-734.awsdns-27.net', 'mailbox': 'awsdns-hostmaster.amazon.com', 'serial': 1, 'refresh': 7200, 'retry': 900, 'expire': 1209600, 'minttl': 86400}, {'name': 'prod.sketch.com', 'ns': 'ns-734.awsdns-27.net', 'mailbox': 'awsdns-hostmaster.amazon.com', 'serial': 1, 'refresh': 7200, 'retry': 900, 'expire': 1209600, 'minttl': 86400}, {'name': 'prod.sketch.com', 'ns': 'ns-734.awsdns-27.net', 'mailbox': 'awsdns-hostmaster.amazon.com', 'serial': 1, 'refresh': 7200, 'retry': 900, 'expire': 1209600, 'minttl': 86400}, {'name': 'prod.sketch.com', 'ns': 'ns-734.awsdns-27.net', 'mailbox': 'awsdns-hostmaster.amazon.com', 'serial': 1, 'refresh': 7200, 'retry': 900, 'expire': 1209600, 'minttl': 86400}, {'name': 'prod.sketch.com', 'ns': 'ns-734.awsdns-27.net', 'mailbox': 'awsdns-hostmaster.amazon.com', 'serial': 1, 'refresh': 7200, 'retry': 900, 'expire': 1209600, 'minttl': 86400}",NOERROR,,
[x],staging.sketch.com,60,"3.231.10.114, 34.224.148.91, 54.210.249.96",,,"{'name': 'staging.sketch.com', 'ns': 'ns-281.awsdns-35.com', 'mailbox': 'awsdns-hostmaster.amazon.com', 'serial': 1, 'refresh': 7200, 'retry': 900, 'expire': 1209600, 'minttl': 86400}, {'name': 'staging.sketch.com', 'ns': 'ns-281.awsdns-35.com', 'mailbox': 'awsdns-hostmaster.amazon.com', 'serial': 1, 'refresh': 7200, 'retry': 900, 'expire': 1209600, 'minttl': 86400}",NOERROR,,
[x],stats.test.sketch.com,60,"34.224.148.91, 54.210.249.96, 3.231.10.114",,"lb-public.non-prod.sketch.com, public-lb.non-prod.sketch.com","{'name': 'non-prod.sketch.com', 'ns': 'ns-1695.awsdns-19.co.uk', 'mailbox': 'awsdns-hostmaster.amazon.com', 'serial': 1, 'refresh': 7200, 'retry': 900, 'expire': 1209600, 'minttl': 86400}, {'name': 'non-prod.sketch.com', 'ns': 'ns-1695.awsdns-19.co.uk', 'mailbox': 'awsdns-hostmaster.amazon.com', 'serial': 1, 'refresh': 7200, 'retry': 900, 'expire': 1209600, 'minttl': 86400}, {'name': 'non-prod.sketch.com', 'ns': 'ns-1695.awsdns-19.co.uk', 'mailbox': 'awsdns-hostmaster.amazon.com', 'serial': 1, 'refresh': 7200, 'retry': 900, 'expire': 1209600, 'minttl': 86400}",NOERROR,,
[x],status.sketch.com,60,,,cname.instatus.com,"{'name': 'instatus.com', 'ns': 'donovan.ns.cloudflare.com', 'mailbox': 'dns.cloudflare.com', 'serial': 2337881331, 'refresh': 10000, 'retry': 2400, 'expire': 604800, 'minttl': 1800}, {'name': 'instatus.com', 'ns': 'donovan.ns.cloudflare.com', 'mailbox': 'dns.cloudflare.com', 'serial': 2337881331, 'refresh': 10000, 'retry': 2400, 'expire': 604800, 'minttl': 1800}, {'name': 'instatus.com', 'ns': 'donovan.ns.cloudflare.com', 'mailbox': 'dns.cloudflare.com', 'serial': 2337881331, 'refresh': 10000, 'retry': 2400, 'expire': 604800, 'minttl': 1800}, {'name': 'instatus.com', 'ns': 'donovan.ns.cloudflare.com', 'mailbox': 'dns.cloudflare.com', 'serial': 2337881331, 'refresh': 10000, 'retry': 2400, 'expire': 604800, 'minttl': 1800}",NOERROR,,"ns-1381.awsdns-44.org, ns-1981.awsdns-55.co.uk, ns-550.awsdns-04.net, ns-95.awsdns-11.com"
[x],support.dev.sketch.com,60,"54.210.249.96, 34.224.148.91, 3.231.10.114",,"lb-public.non-prod.sketch.com, public-lb.non-prod.sketch.com","{'name': 'non-prod.sketch.com', 'ns': 'ns-1695.awsdns-19.co.uk', 'mailbox': 'awsdns-hostmaster.amazon.com', 'serial': 1, 'refresh': 7200, 'retry': 900, 'expire': 1209600, 'minttl': 86400}, {'name': 'non-prod.sketch.com', 'ns': 'ns-1695.awsdns-19.co.uk', 'mailbox': 'awsdns-hostmaster.amazon.com', 'serial': 1, 'refresh': 7200, 'retry': 900, 'expire': 1209600, 'minttl': 86400}, {'name': 'non-prod.sketch.com', 'ns': 'ns-1695.awsdns-19.co.uk', 'mailbox': 'awsdns-hostmaster.amazon.com', 'serial': 1, 'refresh': 7200, 'retry': 900, 'expire': 1209600, 'minttl': 86400}, {'name': 'non-prod.sketch.com', 'ns': 'ns-1695.awsdns-19.co.uk', 'mailbox': 'awsdns-hostmaster.amazon.com', 'serial': 1, 'refresh': 7200, 'retry': 900, 'expire': 1209600, 'minttl': 86400}",NOERROR,,
[x],test-download-staging.sketch.com,300,,,test-download-staging.sketch.com.cdn.cloudflare.net,"{'name': 'cloudflare.net', 'ns': 'ns1.cloudflare.net', 'mailbox': 'dns.cloudflare.com', 'serial': 2337827547, 'refresh': 10000, 'retry': 2400, 'expire': 604800, 'minttl': 1800}, {'name': 'cloudflare.net', 'ns': 'ns1.cloudflare.net', 'mailbox': 'dns.cloudflare.com', 'serial': 2337827547, 'refresh': 10000, 'retry': 2400, 'expire': 604800, 'minttl': 1800}, {'name': 'cloudflare.net', 'ns': 'ns1.cloudflare.net', 'mailbox': 'dns.cloudflare.com', 'serial': 2337827547, 'refresh': 10000, 'retry': 2400, 'expire': 604800, 'minttl': 1800}",NOERROR,,
[x],test-download.sketch.com,300,"104.22.37.172, 104.22.36.172, 172.67.13.208","2606:4700:10::ac43:dd0, 2606:4700:10::6816:25ac, 2606:4700:10::6816:24ac",test-download.sketch.com.cdn.cloudflare.net,"{'name': 'cloudflare.net', 'ns': 'ns1.cloudflare.net', 'mailbox': 'dns.cloudflare.com', 'serial': 2337827547, 'refresh': 10000, 'retry': 2400, 'expire': 604800, 'minttl': 1800}",NOERROR,,
[x],test.sketch.com,60,,,,"{'name': 'test.sketch.com', 'ns': 'ns-389.awsdns-48.com', 'mailbox': 'awsdns-hostmaster.amazon.com', 'serial': 1, 'refresh': 7200, 'retry': 900, 'expire': 1209600, 'minttl': 86400}, {'name': 'test.sketch.com', 'ns': 'ns-389.awsdns-48.com', 'mailbox': 'awsdns-hostmaster.amazon.com', 'serial': 1, 'refresh': 7200, 'retry': 900, 'expire': 1209600, 'minttl': 86400}, {'name': 'test.sketch.com', 'ns': 'ns-389.awsdns-48.com', 'mailbox': 'awsdns-hostmaster.amazon.com', 'serial': 1, 'refresh': 7200, 'retry': 900, 'expire': 1209600, 'minttl': 86400}",NOERROR,,"ns-389.awsdns-48.com, ns-593.awsdns-10.net, ns-1097.awsdns-09.org, ns-2034.awsdns-62.co.uk"
[x],test584d509a.staging.sketch.com,60,,,"lb-public.non-prod.sketch.com, public-lb.non-prod.sketch.com","{'name': 'non-prod.sketch.com', 'ns': 'ns-1695.awsdns-19.co.uk', 'mailbox': 'awsdns-hostmaster.amazon.com', 'serial': 1, 'refresh': 7200, 'retry': 900, 'expire': 1209600, 'minttl': 86400}, {'name': 'non-prod.sketch.com', 'ns': 'ns-1695.awsdns-19.co.uk', 'mailbox': 'awsdns-hostmaster.amazon.com', 'serial': 1, 'refresh': 7200, 'retry': 900, 'expire': 1209600, 'minttl': 86400}, {'name': 'non-prod.sketch.com', 'ns': 'ns-1695.awsdns-19.co.uk', 'mailbox': 'awsdns-hostmaster.amazon.com', 'serial': 1, 'refresh': 7200, 'retry': 900, 'expire': 1209600, 'minttl': 86400}, {'name': 'non-prod.sketch.com', 'ns': 'ns-1695.awsdns-19.co.uk', 'mailbox': 'awsdns-hostmaster.amazon.com', 'serial': 1, 'refresh': 7200, 'retry': 900, 'expire': 1209600, 'minttl': 86400}, {'name': 'non-prod.sketch.com', 'ns': 'ns-1695.awsdns-19.co.uk', 'mailbox': 'awsdns-hostmaster.amazon.com', 'serial': 1, 'refresh': 7200, 'retry': 900, 'expire': 1209600, 'minttl': 86400}",NOERROR,,
[x],testing-download-staging.sketch.com,300,,"2606:4700:10::6816:25ac, 2606:4700:10::ac43:dd0, 2606:4700:10::6816:24ac",testing-download-staging.sketch.com.cdn.cloudflare.net,"{'name': 'cloudflare.net', 'ns': 'ns1.cloudflare.net', 'mailbox': 'dns.cloudflare.com', 'serial': 2337827547, 'refresh': 10000, 'retry': 2400, 'expire': 604800, 'minttl': 1800}, {'name': 'cloudflare.net', 'ns': 'ns1.cloudflare.net', 'mailbox': 'dns.cloudflare.com', 'serial': 2337827547, 'refresh': 10000, 'retry': 2400, 'expire': 604800, 'minttl': 1800}, {'name': 'cloudflare.net', 'ns': 'ns1.cloudflare.net', 'mailbox': 'dns.cloudflare.com', 'serial': 2337827547, 'refresh': 10000, 'retry': 2400, 'expire': 604800, 'minttl': 1800}",NOERROR,,
[x],testing-download.sketch.com,300,"104.22.36.172, 172.67.13.208, 104.22.37.172","2606:4700:10::ac43:dd0, 2606:4700:10::6816:24ac, 2606:4700:10::6816:25ac",testing-download.sketch.com.cdn.cloudflare.net,"{'name': 'cloudflare.net', 'ns': 'ns1.cloudflare.net', 'mailbox': 'dns.cloudflare.com', 'serial': 2337827547, 'refresh': 10000, 'retry': 2400, 'expire': 604800, 'minttl': 1800}, {'name': 'cloudflare.net', 'ns': 'ns1.cloudflare.net', 'mailbox': 'dns.cloudflare.com', 'serial': 2337827547, 'refresh': 10000, 'retry': 2400, 'expire': 604800, 'minttl': 1800}, {'name': 'cloudflare.net', 'ns': 'ns1.cloudflare.net', 'mailbox': 'dns.cloudflare.com', 'serial': 2337827547, 'refresh': 10000, 'retry': 2400, 'expire': 604800, 'minttl': 1800}, {'name': 'cloudflare.net', 'ns': 'ns1.cloudflare.net', 'mailbox': 'dns.cloudflare.com', 'serial': 2337827547, 'refresh': 10000, 'retry': 2400, 'expire': 604800, 'minttl': 1800}",NOERROR,,
[x],tford.prod.sketch.com,60,"54.85.204.139, 34.200.77.119, 34.226.47.3",,"lb-public.prod.sketch.com, public-lb.prod.sketch.com","{'name': 'prod.sketch.com', 'ns': 'ns-734.awsdns-27.net', 'mailbox': 'awsdns-hostmaster.amazon.com', 'serial': 1, 'refresh': 7200, 'retry': 900, 'expire': 1209600, 'minttl': 86400}, {'name': 'prod.sketch.com', 'ns': 'ns-734.awsdns-27.net', 'mailbox': 'awsdns-hostmaster.amazon.com', 'serial': 1, 'refresh': 7200, 'retry': 900, 'expire': 1209600, 'minttl': 86400}",NOERROR,,"ns-1286.awsdns-32.org, ns-1636.awsdns-12.co.uk, ns-171.awsdns-21.com, ns-734.awsdns-27.net"
[x],thevillemobile.staging.sketch.com,60,,,"lb-public.non-prod.sketch.com, public-lb.non-prod.sketch.com","{'name': 'non-prod.sketch.com', 'ns': 'ns-1695.awsdns-19.co.uk', 'mailbox': 'awsdns-hostmaster.amazon.com', 'serial': 1, 'refresh': 7200, 'retry': 900, 'expire': 1209600, 'minttl': 86400}, {'name': 'non-prod.sketch.com', 'ns': 'ns-1695.awsdns-19.co.uk', 'mailbox': 'awsdns-hostmaster.amazon.com', 'serial': 1, 'refresh': 7200, 'retry': 900, 'expire': 1209600, 'minttl': 86400}",NOERROR,,
[x],uploadmaster-backups-www-test.prod.sketch.com,60,"34.200.77.119, 34.226.47.3, 54.85.204.139",,"lb-public.prod.sketch.com, public-lb.prod.sketch.com","{'name': 'prod.sketch.com', 'ns': 'ns-734.awsdns-27.net', 'mailbox': 'awsdns-hostmaster.amazon.com', 'serial': 1, 'refresh': 7200, 'retry': 900, 'expire': 1209600, 'minttl': 86400}, {'name': 'prod.sketch.com', 'ns': 'ns-734.awsdns-27.net', 'mailbox': 'awsdns-hostmaster.amazon.com', 'serial': 1, 'refresh': 7200, 'retry': 900, 'expire': 1209600, 'minttl': 86400}, {'name': 'prod.sketch.com', 'ns': 'ns-734.awsdns-27.net', 'mailbox': 'awsdns-hostmaster.amazon.com', 'serial': 1, 'refresh': 7200, 'retry': 900, 'expire': 1209600, 'minttl': 86400}",NOERROR,,
[x],v1.dev.sketch.com,40,"3.231.10.114, 34.224.148.91, 54.210.249.96",,"lb-public.non-prod.sketch.com, public-lb.non-prod.sketch.com","{'name': 'non-prod.sketch.com', 'ns': 'ns-1695.awsdns-19.co.uk', 'mailbox': 'awsdns-hostmaster.amazon.com', 'serial': 1, 'refresh': 7200, 'retry': 900, 'expire': 1209600, 'minttl': 86400}, {'name': 'non-prod.sketch.com', 'ns': 'ns-1695.awsdns-19.co.uk', 'mailbox': 'awsdns-hostmaster.amazon.com', 'serial': 1, 'refresh': 7200, 'retry': 900, 'expire': 1209600, 'minttl': 86400}, {'name': 'non-prod.sketch.com', 'ns': 'ns-1695.awsdns-19.co.uk', 'mailbox': 'awsdns-hostmaster.amazon.com', 'serial': 1, 'refresh': 7200, 'retry': 900, 'expire': 1209600, 'minttl': 86400}, {'name': 'non-prod.sketch.com', 'ns': 'ns-1695.awsdns-19.co.uk', 'mailbox': 'awsdns-hostmaster.amazon.com', 'serial': 1, 'refresh': 7200, 'retry': 900, 'expire': 1209600, 'minttl': 86400}",NOERROR,,
[x],vpn.prod.sketch.com,60,,,"lb-public.prod.sketch.com, public-lb.prod.sketch.com","{'name': 'prod.sketch.com', 'ns': 'ns-734.awsdns-27.net', 'mailbox': 'awsdns-hostmaster.amazon.com', 'serial': 1, 'refresh': 7200, 'retry': 900, 'expire': 1209600, 'minttl': 86400}, {'name': 'prod.sketch.com', 'ns': 'ns-734.awsdns-27.net', 'mailbox': 'awsdns-hostmaster.amazon.com', 'serial': 1, 'refresh': 7200, 'retry': 900, 'expire': 1209600, 'minttl': 86400}, {'name': 'prod.sketch.com', 'ns': 'ns-734.awsdns-27.net', 'mailbox': 'awsdns-hostmaster.amazon.com', 'serial': 1, 'refresh': 7200, 'retry': 900, 'expire': 1209600, 'minttl': 86400}, {'name': 'prod.sketch.com', 'ns': 'ns-734.awsdns-27.net', 'mailbox': 'awsdns-hostmaster.amazon.com', 'serial': 1, 'refresh': 7200, 'retry': 900, 'expire': 1209600, 'minttl': 86400}",NOERROR,,
[x],wp.staging.sketch.com,60,,,"lb-public.non-prod.sketch.com, public-lb.non-prod.sketch.com","{'name': 'non-prod.sketch.com', 'ns': 'ns-1695.awsdns-19.co.uk', 'mailbox': 'awsdns-hostmaster.amazon.com', 'serial': 1, 'refresh': 7200, 'retry': 900, 'expire': 1209600, 'minttl': 86400}, {'name': 'non-prod.sketch.com', 'ns': 'ns-1695.awsdns-19.co.uk', 'mailbox': 'awsdns-hostmaster.amazon.com', 'serial': 1, 'refresh': 7200, 'retry': 900, 'expire': 1209600, 'minttl': 86400}, {'name': 'non-prod.sketch.com', 'ns': 'ns-1695.awsdns-19.co.uk', 'mailbox': 'awsdns-hostmaster.amazon.com', 'serial': 1, 'refresh': 7200, 'retry': 900, 'expire': 1209600, 'minttl': 86400}, {'name': 'non-prod.sketch.com', 'ns': 'ns-1695.awsdns-19.co.uk', 'mailbox': 'awsdns-hostmaster.amazon.com', 'serial': 1, 'refresh': 7200, 'retry': 900, 'expire': 1209600, 'minttl': 86400}, {'name': 'non-prod.sketch.com', 'ns': 'ns-1695.awsdns-19.co.uk', 'mailbox': 'awsdns-hostmaster.amazon.com', 'serial': 1, 'refresh': 7200, 'retry': 900, 'expire': 1209600, 'minttl': 86400}, {'name': 'non-prod.sketch.com', 'ns': 'ns-1695.awsdns-19.co.uk', 'mailbox': 'awsdns-hostmaster.amazon.com', 'serial': 1, 'refresh': 7200, 'retry': 900, 'expire': 1209600, 'minttl': 86400}",NOERROR,,
[x],www.sketch.com,60,"18.172.153.121, 18.172.153.101, 18.172.153.75, 18.172.153.122",,,"{'name': 'sketch.com', 'ns': 'ns-550.awsdns-04.net', 'mailbox': 'awsdns-hostmaster.amazon.com', 'serial': 1, 'refresh': 7200, 'retry': 900, 'expire': 1209600, 'minttl': 86400}, {'name': 'sketch.com', 'ns': 'ns-550.awsdns-04.net', 'mailbox': 'awsdns-hostmaster.amazon.com', 'serial': 1, 'refresh': 7200, 'retry': 900, 'expire': 1209600, 'minttl': 86400}, {'name': 'sketch.com', 'ns': 'ns-550.awsdns-04.net', 'mailbox': 'awsdns-hostmaster.amazon.com', 'serial': 1, 'refresh': 7200, 'retry': 900, 'expire': 1209600, 'minttl': 86400}, {'name': 'sketch.com', 'ns': 'ns-550.awsdns-04.net', 'mailbox': 'awsdns-hostmaster.amazon.com', 'serial': 1, 'refresh': 7200, 'retry': 900, 'expire': 1209600, 'minttl': 86400}",NOERROR,,"ns-1381.awsdns-44.org, ns-1981.awsdns-55.co.uk, ns-550.awsdns-04.net, ns-95.awsdns-11.com"
[x],your.sketch.com,300,,,sketchapp.netlify.app,"{'name': 'netlify.app', 'ns': 'dns1.p01.nsone.net', 'mailbox': 'hostmaster.nsone.net', 'serial': 1664979656, 'refresh': 43200, 'retry': 7200, 'expire': 1209600, 'minttl': 300}",NOERROR,,
,271-dco-vc3-nsabb.test.sketch.com,60,"34.224.148.91, 54.210.249.96, 3.231.10.114",,"lb-public.non-prod.sketch.com, public-lb.non-prod.sketch.com","{'name': 'non-prod.sketch.com', 'ns': 'ns-1695.awsdns-19.co.uk', 'mailbox': 'awsdns-hostmaster.amazon.com', 'serial': 1, 'refresh': 7200, 'retry': 900, 'expire': 1209600, 'minttl': 86400}, {'name': 'non-prod.sketch.com', 'ns': 'ns-1695.awsdns-19.co.uk', 'mailbox': 'awsdns-hostmaster.amazon.com', 'serial': 1, 'refresh': 7200, 'retry': 900, 'expire': 1209600, 'minttl': 86400}, {'name': 'non-prod.sketch.com', 'ns': 'ns-1695.awsdns-19.co.uk', 'mailbox': 'awsdns-hostmaster.amazon.com', 'serial': 1, 'refresh': 7200, 'retry': 900, 'expire': 1209600, 'minttl': 86400}, {'name': 'non-prod.sketch.com', 'ns': 'ns-1695.awsdns-19.co.uk', 'mailbox': 'awsdns-hostmaster.amazon.com', 'serial': 1, 'refresh': 7200, 'retry': 900, 'expire': 1209600, 'minttl': 86400}",NOERROR,,
,backup-prod-abbyinlife.test.sketch.com,60,,,"lb-public.non-prod.sketch.com, public-lb.non-prod.sketch.com","{'name': 'non-prod.sketch.com', 'ns': 'ns-1695.awsdns-19.co.uk', 'mailbox': 'awsdns-hostmaster.amazon.com', 'serial': 1, 'refresh': 7200, 'retry': 900, 'expire': 1209600, 'minttl': 86400}, {'name': 'non-prod.sketch.com', 'ns': 'ns-1695.awsdns-19.co.uk', 'mailbox': 'awsdns-hostmaster.amazon.com', 'serial': 1, 'refresh': 7200, 'retry': 900, 'expire': 1209600, 'minttl': 86400}, {'name': 'non-prod.sketch.com', 'ns': 'ns-1695.awsdns-19.co.uk', 'mailbox': 'awsdns-hostmaster.amazon.com', 'serial': 1, 'refresh': 7200, 'retry': 900, 'expire': 1209600, 'minttl': 86400}, {'name': 'non-prod.sketch.com', 'ns': 'ns-1695.awsdns-19.co.uk', 'mailbox': 'awsdns-hostmaster.amazon.com', 'serial': 1, 'refresh': 7200, 'retry': 900, 'expire': 1209600, 'minttl': 86400}",NOERROR,,
,database-demo-dal12.test.sketch.com,60,,,"lb-public.non-prod.sketch.com, public-lb.non-prod.sketch.com","{'name': 'non-prod.sketch.com', 'ns': 'ns-1695.awsdns-19.co.uk', 'mailbox': 'awsdns-hostmaster.amazon.com', 'serial': 1, 'refresh': 7200, 'retry': 900, 'expire': 1209600, 'minttl': 86400}, {'name': 'non-prod.sketch.com', 'ns': 'ns-1695.awsdns-19.co.uk', 'mailbox': 'awsdns-hostmaster.amazon.com', 'serial': 1, 'refresh': 7200, 'retry': 900, 'expire': 1209600, 'minttl': 86400}, {'name': 'non-prod.sketch.com', 'ns': 'ns-1695.awsdns-19.co.uk', 'mailbox': 'awsdns-hostmaster.amazon.com', 'serial': 1, 'refresh': 7200, 'retry': 900, 'expire': 1209600, 'minttl': 86400}, {'name': 'non-prod.sketch.com', 'ns': 'ns-1695.awsdns-19.co.uk', 'mailbox': 'awsdns-hostmaster.amazon.com', 'serial': 1, 'refresh': 7200, 'retry': 900, 'expire': 1209600, 'minttl': 86400}",NOERROR,,
,global-shop.test.sketch.com,60,"3.231.10.114, 34.224.148.91, 54.210.249.96",,"lb-public.non-prod.sketch.com, public-lb.non-prod.sketch.com","{'name': 'non-prod.sketch.com', 'ns': 'ns-1695.awsdns-19.co.uk', 'mailbox': 'awsdns-hostmaster.amazon.com', 'serial': 1, 'refresh': 7200, 'retry': 900, 'expire': 1209600, 'minttl': 86400}, {'name': 'non-prod.sketch.com', 'ns': 'ns-1695.awsdns-19.co.uk', 'mailbox': 'awsdns-hostmaster.amazon.com', 'serial': 1, 'refresh': 7200, 'retry': 900, 'expire': 1209600, 'minttl': 86400}, {'name': 'non-prod.sketch.com', 'ns': 'ns-1695.awsdns-19.co.uk', 'mailbox': 'awsdns-hostmaster.amazon.com', 'serial': 1, 'refresh': 7200, 'retry': 900, 'expire': 1209600, 'minttl': 86400}",NOERROR,,
,labbeta.test.sketch.com,60,"34.224.148.91, 3.231.10.114, 54.210.249.96",,"lb-public.non-prod.sketch.com, public-lb.non-prod.sketch.com","{'name': 'non-prod.sketch.com', 'ns': 'ns-1695.awsdns-19.co.uk', 'mailbox': 'awsdns-hostmaster.amazon.com', 'serial': 1, 'refresh': 7200, 'retry': 900, 'expire': 1209600, 'minttl': 86400}, {'name': 'non-prod.sketch.com', 'ns': 'ns-1695.awsdns-19.co.uk', 'mailbox': 'awsdns-hostmaster.amazon.com', 'serial': 1, 'refresh': 7200, 'retry': 900, 'expire': 1209600, 'minttl': 86400}, {'name': 'non-prod.sketch.com', 'ns': 'ns-1695.awsdns-19.co.uk', 'mailbox': 'awsdns-hostmaster.amazon.com', 'serial': 1, 'refresh': 7200, 'retry': 900, 'expire': 1209600, 'minttl': 86400}, {'name': 'non-prod.sketch.com', 'ns': 'ns-1695.awsdns-19.co.uk', 'mailbox': 'awsdns-hostmaster.amazon.com', 'serial': 1, 'refresh': 7200, 'retry': 900, 'expire': 1209600, 'minttl': 86400}, {'name': 'non-prod.sketch.com', 'ns': 'ns-1695.awsdns-19.co.uk', 'mailbox': 'awsdns-hostmaster.amazon.com', 'serial': 1, 'refresh': 7200, 'retry': 900, 'expire': 1209600, 'minttl': 86400}",NOERROR,,
,milcom.test.sketch.com,60,"54.210.249.96, 34.224.148.91, 3.231.10.114",,"lb-public.non-prod.sketch.com, public-lb.non-prod.sketch.com","{'name': 'non-prod.sketch.com', 'ns': 'ns-1695.awsdns-19.co.uk', 'mailbox': 'awsdns-hostmaster.amazon.com', 'serial': 1, 'refresh': 7200, 'retry': 900, 'expire': 1209600, 'minttl': 86400}, {'name': 'non-prod.sketch.com', 'ns': 'ns-1695.awsdns-19.co.uk', 'mailbox': 'awsdns-hostmaster.amazon.com', 'serial': 1, 'refresh': 7200, 'retry': 900, 'expire': 1209600, 'minttl': 86400}",NOERROR,,
,miscomplain.test.sketch.com,60,,,"lb-public.non-prod.sketch.com, public-lb.non-prod.sketch.com","{'name': 'non-prod.sketch.com', 'ns': 'ns-1695.awsdns-19.co.uk', 'mailbox': 'awsdns-hostmaster.amazon.com', 'serial': 1, 'refresh': 7200, 'retry': 900, 'expire': 1209600, 'minttl': 86400}, {'name': 'non-prod.sketch.com', 'ns': 'ns-1695.awsdns-19.co.uk', 'mailbox': 'awsdns-hostmaster.amazon.com', 'serial': 1, 'refresh': 7200, 'retry': 900, 'expire': 1209600, 'minttl': 86400}, {'name': 'non-prod.sketch.com', 'ns': 'ns-1695.awsdns-19.co.uk', 'mailbox': 'awsdns-hostmaster.amazon.com', 'serial': 1, 'refresh': 7200, 'retry': 900, 'expire': 1209600, 'minttl': 86400}",NOERROR,,
,mixcomputer.test.sketch.com,60,"54.210.249.96, 34.224.148.91, 3.231.10.114",,"lb-public.non-prod.sketch.com, public-lb.non-prod.sketch.com","{'name': 'non-prod.sketch.com', 'ns': 'ns-1695.awsdns-19.co.uk', 'mailbox': 'awsdns-hostmaster.amazon.com', 'serial': 1, 'refresh': 7200, 'retry': 900, 'expire': 1209600, 'minttl': 86400}, {'name': 'non-prod.sketch.com', 'ns': 'ns-1695.awsdns-19.co.uk', 'mailbox': 'awsdns-hostmaster.amazon.com', 'serial': 1, 'refresh': 7200, 'retry': 900, 'expire': 1209600, 'minttl': 86400}, {'name': 'non-prod.sketch.com', 'ns': 'ns-1695.awsdns-19.co.uk', 'mailbox': 'awsdns-hostmaster.amazon.com', 'serial': 1, 'refresh': 7200, 'retry': 900, 'expire': 1209600, 'minttl': 86400}, {'name': 'non-prod.sketch.com', 'ns': 'ns-1695.awsdns-19.co.uk', 'mailbox': 'awsdns-hostmaster.amazon.com', 'serial': 1, 'refresh': 7200, 'retry': 900, 'expire': 1209600, 'minttl': 86400}, {'name': 'non-prod.sketch.com', 'ns': 'ns-1695.awsdns-19.co.uk', 'mailbox': 'awsdns-hostmaster.amazon.com', 'serial': 1, 'refresh': 7200, 'retry': 900, 'expire': 1209600, 'minttl': 86400}",NOERROR,,
,muhabbetshop.test.sketch.com,60,"54.210.249.96, 34.224.148.91, 3.231.10.114",,"lb-public.non-prod.sketch.com, public-lb.non-prod.sketch.com","{'name': 'non-prod.sketch.com', 'ns': 'ns-1695.awsdns-19.co.uk', 'mailbox': 'awsdns-hostmaster.amazon.com', 'serial': 1, 'refresh': 7200, 'retry': 900, 'expire': 1209600, 'minttl': 86400}, {'name': 'non-prod.sketch.com', 'ns': 'ns-1695.awsdns-19.co.uk', 'mailbox': 'awsdns-hostmaster.amazon.com', 'serial': 1, 'refresh': 7200, 'retry': 900, 'expire': 1209600, 'minttl': 86400}, {'name': 'non-prod.sketch.com', 'ns': 'ns-1695.awsdns-19.co.uk', 'mailbox': 'awsdns-hostmaster.amazon.com', 'serial': 1, 'refresh': 7200, 'retry': 900, 'expire': 1209600, 'minttl': 86400}, {'name': 'non-prod.sketch.com', 'ns': 'ns-1695.awsdns-19.co.uk', 'mailbox': 'awsdns-hostmaster.amazon.com', 'serial': 1, 'refresh': 7200, 'retry': 900, 'expire': 1209600, 'minttl': 86400}",NOERROR,,
,pre-global-shop.test.sketch.com,60,"34.224.148.91, 3.231.10.114, 54.210.249.96",,"lb-public.non-prod.sketch.com, public-lb.non-prod.sketch.com","{'name': 'non-prod.sketch.com', 'ns': 'ns-1695.awsdns-19.co.uk', 'mailbox': 'awsdns-hostmaster.amazon.com', 'serial': 1, 'refresh': 7200, 'retry': 900, 'expire': 1209600, 'minttl': 86400}, {'name': 'non-prod.sketch.com', 'ns': 'ns-1695.awsdns-19.co.uk', 'mailbox': 'awsdns-hostmaster.amazon.com', 'serial': 1, 'refresh': 7200, 'retry': 900, 'expire': 1209600, 'minttl': 86400}, {'name': 'non-prod.sketch.com', 'ns': 'ns-1695.awsdns-19.co.uk', 'mailbox': 'awsdns-hostmaster.amazon.com', 'serial': 1, 'refresh': 7200, 'retry': 900, 'expire': 1209600, 'minttl': 86400}",NOERROR,,"ns-1121.awsdns-12.org, ns-1695.awsdns-19.co.uk, ns-491.awsdns-61.com, ns-638.awsdns-15.net"
,rabbitmq.test.sketch.com,60,"34.224.148.91, 54.210.249.96, 3.231.10.114",,"lb-public.non-prod.sketch.com, public-lb.non-prod.sketch.com","{'name': 'non-prod.sketch.com', 'ns': 'ns-1695.awsdns-19.co.uk', 'mailbox': 'awsdns-hostmaster.amazon.com', 'serial': 1, 'refresh': 7200, 'retry': 900, 'expire': 1209600, 'minttl': 86400}, {'name': 'non-prod.sketch.com', 'ns': 'ns-1695.awsdns-19.co.uk', 'mailbox': 'awsdns-hostmaster.amazon.com', 'serial': 1, 'refresh': 7200, 'retry': 900, 'expire': 1209600, 'minttl': 86400}, {'name': 'non-prod.sketch.com', 'ns': 'ns-1695.awsdns-19.co.uk', 'mailbox': 'awsdns-hostmaster.amazon.com', 'serial': 1, 'refresh': 7200, 'retry': 900, 'expire': 1209600, 'minttl': 86400}, {'name': 'non-prod.sketch.com', 'ns': 'ns-1695.awsdns-19.co.uk', 'mailbox': 'awsdns-hostmaster.amazon.com', 'serial': 1, 'refresh': 7200, 'retry': 900, 'expire': 1209600, 'minttl': 86400}, {'name': 'non-prod.sketch.com', 'ns': 'ns-1695.awsdns-19.co.uk', 'mailbox': 'awsdns-hostmaster.amazon.com', 'serial': 1, 'refresh': 7200, 'retry': 900, 'expire': 1209600, 'minttl': 86400}",NOERROR,,
,scrabble.test.sketch.com,60,"34.224.148.91, 54.210.249.96, 3.231.10.114",,"lb-public.non-prod.sketch.com, public-lb.non-prod.sketch.com","{'name': 'non-prod.sketch.com', 'ns': 'ns-1695.awsdns-19.co.uk', 'mailbox': 'awsdns-hostmaster.amazon.com', 'serial': 1, 'refresh': 7200, 'retry': 900, 'expire': 1209600, 'minttl': 86400}, {'name': 'non-prod.sketch.com', 'ns': 'ns-1695.awsdns-19.co.uk', 'mailbox': 'awsdns-hostmaster.amazon.com', 'serial': 1, 'refresh': 7200, 'retry': 900, 'expire': 1209600, 'minttl': 86400}, {'name': 'non-prod.sketch.com', 'ns': 'ns-1695.awsdns-19.co.uk', 'mailbox': 'awsdns-hostmaster.amazon.com', 'serial': 1, 'refresh': 7200, 'retry': 900, 'expire': 1209600, 'minttl': 86400}, {'name': 'non-prod.sketch.com', 'ns': 'ns-1695.awsdns-19.co.uk', 'mailbox': 'awsdns-hostmaster.amazon.com', 'serial': 1, 'refresh': 7200, 'retry': 900, 'expire': 1209600, 'minttl': 86400}",NOERROR,,
,uncoverfbrevers-miscompras.test.sketch.com,60,"54.210.249.96, 34.224.148.91, 3.231.10.114",,"lb-public.non-prod.sketch.com, public-lb.non-prod.sketch.com","{'name': 'non-prod.sketch.com', 'ns': 'ns-1695.awsdns-19.co.uk', 'mailbox': 'awsdns-hostmaster.amazon.com', 'serial': 1, 'refresh': 7200, 'retry': 900, 'expire': 1209600, 'minttl': 86400}",NOERROR,,
,xiaomi-market.test.sketch.com,60,"54.210.249.96, 3.231.10.114, 34.224.148.91",,"lb-public.non-prod.sketch.com, public-lb.non-prod.sketch.com","{'name': 'non-prod.sketch.com', 'ns': 'ns-1695.awsdns-19.co.uk', 'mailbox': 'awsdns-hostmaster.amazon.com', 'serial': 1, 'refresh': 7200, 'retry': 900, 'expire': 1209600, 'minttl': 86400}, {'name': 'non-prod.sketch.com', 'ns': 'ns-1695.awsdns-19.co.uk', 'mailbox': 'awsdns-hostmaster.amazon.com', 'serial': 1, 'refresh': 7200, 'retry': 900, 'expire': 1209600, 'minttl': 86400}, {'name': 'non-prod.sketch.com', 'ns': 'ns-1695.awsdns-19.co.uk', 'mailbox': 'awsdns-hostmaster.amazon.com', 'serial': 1, 'refresh': 7200, 'retry': 900, 'expire': 1209600, 'minttl': 86400}",NOERROR,,
,zabbix.test.sketch.com,60,"34.224.148.91, 3.231.10.114, 54.210.249.96",,"lb-public.non-prod.sketch.com, public-lb.non-prod.sketch.com","{'name': 'non-prod.sketch.com', 'ns': 'ns-1695.awsdns-19.co.uk', 'mailbox': 'awsdns-hostmaster.amazon.com', 'serial': 1, 'refresh': 7200, 'retry': 900, 'expire': 1209600, 'minttl': 86400}, {'name': 'non-prod.sketch.com', 'ns': 'ns-1695.awsdns-19.co.uk', 'mailbox': 'awsdns-hostmaster.amazon.com', 'serial': 1, 'refresh': 7200, 'retry': 900, 'expire': 1209600, 'minttl': 86400}, {'name': 'non-prod.sketch.com', 'ns': 'ns-1695.awsdns-19.co.uk', 'mailbox': 'awsdns-hostmaster.amazon.com', 'serial': 1, 'refresh': 7200, 'retry': 900, 'expire': 1209600, 'minttl': 86400}",NOERROR,,
